price,url,title,Anyag,Nyaklánc kapocs,Motívum,Célcsoport,Ékszer súlya,Tisztaság,Arany színe,Hossz,Szélesség,Magasság,Kő
56510,https://www.aekszerek.hu//arany/nyaklancok/noi/heratis-nyaklanc-p144023.html,"Nyaklánc szívvel iGold, nőknek (IZ19400M) | aEkszerek.hu",Arany 14K,rugós kapocs,,Női,1.65 gramm,"0,585",Sárga arany,Válassza ki a méretet,12 mm,12,Cirkon
60830,https://www.aekszerek.hu//arany/nyaklancok/noi/arany-nyaklanc-az-elet-faja-p155929.html,"Arany nyaklánc Az élet fája, nőknek (IZ19888BNH) | aEkszerek.hu",Arany 14K,rugós kapocs,Életfával,Női,1.68 gramm,"0,585",Sárga arany,Válassza ki a méretet,13 mm,m 18 mm,
30230,https://www.aekszerek.hu//arany/nyaklancok/noi/arany-nyaklanc-m-betuvel-p156192.html,"Arany nyaklánc M betűvel, nőknek (IZ24447M) | aEkszerek.hu",Arany 14K,rugós kapocs,betű,Női,0.53 gramm,"0,585",Sárga arany,Válassza ki a méretet,5 mm,6 mm,
54620,https://www.aekszerek.hu//arany/nyaklancok/noi/arany-nyaklanc-kereszttel-p155936.html,"Arany nyaklánc kereszttel, nőknek (IZ22978BNH) | aEkszerek.hu",Arany 14K,rugós kapocs,Keresztek,Női,1.56 gramm,"0,585",Sárga arany,Válassza ki a méretet,,10 mm,
66630,https://www.aekszerek.hu//arany/nyaklancok/noi/arany-nyaklanc-eletfa-golyocskakkal-p155442.html,"Arany nyaklánc Életfa golyócskákkal, nőknek (IZ24221NH) | aEkszerek.hu",Arany 14K,rugós kapocs,Életfával,Női,2.03 gramm,"0,585",Sárga arany,Válassza ki a méretet,10 mm,10 mm,
44270,https://www.aekszerek.hu//arany/nyaklancok/medallal/arany-nyaklanc-sziv-medallal-p132598.html,"Arany nyaklánc szívvel, nőknek (IZ15123) | aEkszerek.hu",Arany 14K,rugós kapocs,Szívecskék,Női,1.27 gramm,"0,585",Sárga arany,Válassza ki a méretet,"7,5 mm",10 mm,
36170,https://www.aekszerek.hu//arany/nyaklancok/medallal/arany-nyaklanc-d-betuvel-p153939.html,"Arany nyaklánc D betűvel, nőknek (IZ23448D) | aEkszerek.hu",Arany 14K,rugós kapocs,betű,Női,1.02 gramm,"0,585",Sárga arany,,10 mm,11 mm,
45620,https://www.aekszerek.hu//arany/nyaklancok/noi/arany-nyaklanc-negylevelu-loherevel-p152193.html,"Arany nyaklánc négylevelű lóherével, nőknek (IZ22500) | aEkszerek.hu",Arany 14K,,Négylevelű lóherék,Női,1.28 gramm,"0,585",Sárga arany,Válassza ki a méretet,9 mm,,
30230,https://www.aekszerek.hu//arany/nyaklancok/noi/arany-nyaklanc-a-betuvel-p156188.html,"Arany nyaklánc A betűvel, nőknek (IZ24447A) | aEkszerek.hu",Arany 14K,rugós kapocs,betű,Női,0.50 gramm,"0,585",Sárga arany,Válassza ki a méretet,5 mm,6 mm,
60920,https://www.aekszerek.hu//arany/gyemant/nyaklancok/feherarany-nyaklanc-gyemantokkal-0-010-ct-sziv-2-p153788.html,"Fehérarany nyaklánc gyémántokkal 0,010 ct Szív 2, nőknek (IZBR539AHR) | aEkszerek.hu",Arany 9K,rugós kapocs,Szívecskék,Női,1.06 gramm,"0,375",Fehér arany,Válassza ki a méretet,"9,5 mm",8 mm,"Brilliáns, Gyémánt"
71390,https://www.aekszerek.hu//arany/nyaklancok/medallal/arany-nyaklanc-sziv-medallal-p131040.html,"Arany nyaklánc szív medállal, nőknek (IZ14515) | aEkszerek.hu",Arany 14K,rugós kapocs,Szívecskék,Női,2.15 gramm,"0,585",Sárga arany,Válassza ki a méretet,7 mm,6 mm,
104890,https://www.aekszerek.hu//arany/nyaklancok/noi/arany-nyaklanc-termeszetes-gyongyszemmel-8-mm-p152289.html,"Arany nyaklánc természetes gyöngyszemmel 8 mm, nőknek (IZ21626) | aEkszerek.hu",Arany 14K,rugós kapocs,,Női,2.77 gramm,"0,585",Sárga arany,Válassza ki a méretet,11 mm,"17,5 mm",Gyöngy
42290,https://www.aekszerek.hu//arany/nyaklancok/noi/arany-nyaklanc-kereszttel-heratis-p155110.html,"Arany nyaklánc kereszttel, nőknek (IZ24065) | aEkszerek.hu",Arany 14K,rugós kapocs,Keresztek,,1.18 gramm,"0,585",Sárga arany,Válassza ki a méretet,8 mm,"14,5 mm",
35540,https://www.aekszerek.hu//arany/nyaklancok/medallal/arany-nyaklanc-e-betuvel-p153940.html,"Arany nyaklánc E betűvel, nőknek (IZ23448E) | aEkszerek.hu",Arany 14K,rugós kapocs,betű,Női,1.00 gramm,"0,585",Sárga arany,,"8,5 mm",11 mm,
53360,https://www.aekszerek.hu//arany/nyaklancok/noi/arany-nyaklanc-granat-kovel-p152354.html,"Arany nyaklánc gránát kővel, nőknek (IZ19572RNH) | aEkszerek.hu",Arany 14K,,,Női,1.55 gramm,"0,585",Sárga arany,Válassza ki a méretet,"5,8 mm","7,6 mm",Cirkon
92810,https://www.aekszerek.hu//arany/nyaklancok/noi/arany-nyaklanc-golyocskakkal-izabela-p155931.html,"Arany nyaklánc golyócskákkal Izabela, nőknek (IZ21716B) | aEkszerek.hu",Arany 14K,karabíner,Gyolyócskák,Női,2.81 gramm,"0,585",Sárga arany,Válassza ki a méretet,,,
46430,https://www.aekszerek.hu//arany/nyaklancok/noi/rose-arany-nyaklanc-szivvel-rosie-p156119.html,"Rosé nyaklánc szívvel Rosie, nőknek (IZ14515RHR) | aEkszerek.hu",Arany 9K,rugós kapocs,Szívecskék,Női,1.97 gramm,"0,375",Rózsaszín arany,,7 mm,6 mm,
62470,https://www.aekszerek.hu//arany/nyaklancok/noi/arany-nyaklanc-kerek-merleglemezekkel-p154571.html,"Arany nyaklánc kerek mérleglemezekkel, nőknek (IZ14138Y) | aEkszerek.hu",Arany 14K,rugós kapocs,,Női,1.93 gramm,"0,585",Sárga arany,Válassza ki a méretet,6 mm,,
53000,https://www.aekszerek.hu//arany/nyaklancok/medallal/arany-nyaklanc-kereszttel-p121875.html,"Arany nyaklánc kereszttel, nőknek (IZ11217) | aEkszerek.hu",Arany 14K,rugós kapocs,Keresztek,Női,1.39 gramm,"0,585",Sárga arany,Válassza ki a méretet,,15 mm,
59320,https://www.aekszerek.hu//arany/nyaklancok/noi/noi-arany-nyaklanc-angyal-p155957.html,"Női arany nyaklánc Angyal, nőknek (IZ19797B) | aEkszerek.hu",Arany 14K,rugós kapocs,Angyalok,Női,1.79 gramm,"0,585",Sárga arany,Válassza ki a méretet,10 mm,15 mm,
60380,https://www.aekszerek.hu//arany/nyaklancok/noi/arany-nyaklanc-gyongyokkel-es-cirkonium-spiritualitassal-p109577.html,"Arany nyaklánc gyöngyökkel és cirkónium spiritualitással, nőknek (IZ7806) | aEkszerek.hu",Arany 14K,rugós kapocs,Kövecskével,Női,1.76 gramm,"0,585",Sárga arany,Válassza ki a méretet,,,Cirkon
30410,https://www.aekszerek.hu//arany/nyaklancok/noi/vip-arany-nyaklanc-tree-of-life-p132637.html,"V.I.P. arany nyaklánc életfa, nőknek (IZ15059) | aEkszerek.hu",Arany 14K,rugós kapocs,Életfával,Női,0.84 gramm,"0,585",Sárga arany,,,,
35180,https://www.aekszerek.hu//arany/nyaklancok/medallal/arany-nyaklanc-b-betuvel-p153938.html,"Arany nyaklánc B betűvel, nőknek (IZ23448B) | aEkszerek.hu",Arany 14K,rugós kapocs,betű,Női,0.96 gramm,"0,585",Sárga arany,Válassza ki a méretet,"8,5 mm",11 mm,
30230,https://www.aekszerek.hu//arany/nyaklancok/noi/arany-nyaklanc-v-betuvel-p156196.html,"Arany nyaklánc V betűvel, nőknek (IZ24447V) | aEkszerek.hu",Arany 14K,rugós kapocs,betű,Női,0.56 gramm,"0,585",Sárga arany,Válassza ki a méretet,5 mm,6 mm,
65100,https://www.aekszerek.hu//arany/nyaklancok/noi/heratis-nyaklanc-anya-gyermekevel-p145086.html," nyaklánc Anya gyermekével, nőknek (IZ20074) | aEkszerek.hu",Arany 14K,rugós kapocs,Kislány,Női,2.08 gramm,"0,585",Kombinált arany,,13 mm,20 mm,Cirkon
60110,https://www.aekszerek.hu//arany/nyaklancok/medallal/arany-es-nyaklanc-gyongy-kaira-p125321.html,"Arany nyaklánc 7.5 mm-es Kaira gyönggyel, nőknek (IZ12165) | aEkszerek.hu",Arany 14K,rugós kapocs,,Női,1.63 gramm,"0,585",Sárga arany,Válassza ki a méretet,,,Gyöngy
37070,https://www.aekszerek.hu//arany/nyaklancok/noi/arany-nyaklanc-kereszttel-p150950.html,"Arany nyaklánc kereszttel, nőknek (IZ21745) | aEkszerek.hu",Arany 14K,,Keresztek,Női,1.10 gramm,"0,585",Sárga arany,Válassza ki a méretet,6 mm,12 mm,
61460,https://www.aekszerek.hu//arany/nyaklancok/noi/arany-lanc-sziv-alaku-medallal-p155963.html,"Arany lánc szív alakú medállal, nőknek (IZ24379) | aEkszerek.hu",Arany 14K,rugós kapocs,Szívecskék,,1.75 gramm,"0,585",Sárga arany,Válassza ki a méretet,8 mm,10 mm,
68840,https://www.aekszerek.hu//arany/nyaklancok/noi/arany-nyaklanc-golyocskakkal-karmen-p155933.html,"Arany nyaklánc golyócskákkal Karmen, nőknek (IZ21730BNH) | aEkszerek.hu",Arany 14K,karabíner,Gyolyócskák,Női,1.96 gramm,"0,585",Sárga arany,,,,
54620,https://www.aekszerek.hu//arany/nyaklancok/noi/arany-nyaklanc-rudacska-p154628.html,"Arany nyaklánc Rudacska, nőknek (IZ23200NH) | aEkszerek.hu",Arany 14K,rugós kapocs,,Női,1.59 gramm,"0,585",Sárga arany,Válassza ki a méretet,1 mm,30 mm,
39950,https://www.aekszerek.hu//arany/nyaklancok/medallal/celebrity-arany-nyaklanc-angyalka-p136988.html,"Celebrity arany nyaklánc Angyalka, nőknek (IZ16500) | aEkszerek.hu",Arany 14K,rugós kapocs,Angyalok,Női,1.11 gramm,"0,585",Sárga arany,Válassza ki a méretet,10 mm,,
30230,https://www.aekszerek.hu//arany/nyaklancok/noi/arany-nyaklanc-k-betuvel-p156191.html,"Arany nyaklánc K betűvel, nőknek (IZ24447K) | aEkszerek.hu",Arany 14K,rugós kapocs,betű,Női,0.56 gramm,"0,585",Sárga arany,Válassza ki a méretet,5 mm,6 mm,
45260,https://www.aekszerek.hu//arany/nyaklancok/noi/arany-nyaklanc-kereszt-kereszthitu-p135612.html,"Arany nyaklánc kereszt Faith, nőknek (IZ15997N) | aEkszerek.hu",Arany 14K,rugós kapocs,Keresztek,Női,1.24 gramm,"0,585",Sárga arany,Válassza ki a méretet,"4,5 mm","7,2 mm",
50930,https://www.aekszerek.hu//arany/nyaklancok/medallal/gyongy-nyaklanc-feherarany-cairo-7-5-mm-p125322.html,"Gyöngy nyaklánc fehérarany Cairo 7,5 mm, nőknek (IZ12165A) | aEkszerek.hu",Arany 14K,rugós kapocs,,Női,1.54 gramm,"0,585",Fehér arany,Válassza ki a méretet,,,Gyöngy
59320,https://www.aekszerek.hu//arany/nyaklancok/noi/arany-nyaklanc-negylevelu-lohere-p156089.html,"Arany nyaklánc Négylevelű lóhere, nőknek (IZ24402N) | aEkszerek.hu",Arany 14K,rugós kapocs,Négylevelű lóherék,Női,1.75 gramm,"0,585",Sárga arany,Válassza ki a méretet,,10 mm,
42390,https://www.aekszerek.hu//arany/nyaklancok/noi/rose-arany-nyaklanc-kereszt-p154258.html,"Rosé arany nyaklánc Kereszt, nőknek (IZ23447R) | aEkszerek.hu",Arany 14K,rugós kapocs,Keresztek,Női,1.07 gramm,"0,585",Rózsaszín arany,Válassza ki a méretet,16 mm,6 mm ,
77510,https://www.aekszerek.hu//arany/nyaklancok/noi/arany-nyaklanc-napocska-p154492.html,"Arany nyaklánc Napocska, nőknek (IZ23866) | aEkszerek.hu",Arany 14K,rugós kapocs,,Női,2.32 gramm,"0,585",Sárga arany,Válassza ki a méretet,6.5 mm,6.5 mm,
239010,https://www.aekszerek.hu//arany/nyaklancok/noi/haromsoros-arany-nyaklanc-p154630.html,"Háromsoros arany nyaklánc, nőknek (IZ23441) | aEkszerek.hu",Arany 14K,rugós kapocs,,Női,8.04 gramm,"0,585",Sárga arany,Válassza ki a méretet,,1.5 mm,
53900,https://www.aekszerek.hu//arany/nyaklancok/noi/noi-arany-nyaklanc-rudacska-p155966.html,"Női arany nyaklánc Rudacska, nőknek (IZ24387) | aEkszerek.hu",Arany 14K,rugós kapocs,,Női,1.52 gramm,"0,585",Sárga arany,Válassza ki a méretet,2 mm,30 mm,
39230,https://www.aekszerek.hu//arany/nyaklancok/noi/heratis-nyaklanc-szivvel-p144189.html," nyaklánc szívvel, nőknek (IZ19545) | aEkszerek.hu",Arany 14K,rugós kapocs,Szívecskék,Női,1.17 gramm,"0,585",Sárga arany,Válassza ki a méretet,8 mm,9 mm,
65440,https://www.aekszerek.hu//arany/nyaklancok/noi/arany-nyaklanc-kutya-labnyom-es-sziv-p151129.html,"Arany nyaklánc Kutya lábnyom és szív, nőknek (IZ21898) | aEkszerek.hu",Arany 14K,,Szívecskék,Női,1.69 gramm,"0,585",Sárga arany,Válassza ki a méretet,,7 mm,
62040,https://www.aekszerek.hu//arany/nyaklancok/noi/arany-lanc-sziv-alaku-medallal-p154853.html,"Arany lánc szív alakú medállal, nőknek (IZ23609) | aEkszerek.hu",Arany 14K,rugós kapocs,Szívecskék,Női,1.88 gramm,"0,585",Sárga arany,Válassza ki a méretet,8 mm,8 mm,Cirkon
59570,https://www.aekszerek.hu//arany/nyaklancok/noi/noi-arany-nyaklanc-szivekkel-p156103.html,"Női arany nyaklánc szívekkel, nőknek (IZ19328N) | aEkszerek.hu",Arany 14K,rugós kapocs,Szívecskék,Női,1.69 gramm,"0,585",Sárga arany,Válassza ki a méretet,15 mm,10 mm,
76070,https://www.aekszerek.hu//arany/nyaklancok/noi/trendi-arany-nyaklanc-cirkoniakkal-zanemi-2-p135823.html,"Trendi arany nyaklánc cirkóniákkal Zanemi 2, nőknek (IZ9223Z) | aEkszerek.hu",Arany 14K,rugós kapocs,Kövecskével,Női,2.46 gramm,"0,585",Sárga arany,,,,Cirkon
48320,https://www.aekszerek.hu//arany/nyaklancok/noi/arany-nyaklanc-tanyerral-a-balance-gravirozasahoz-p148210.html,"Arany nyaklánc tányérral a Balance gravírozásához, nőknek (IZ20870) | aEkszerek.hu",Arany 14K,rugós kapocs,Kör,Női,1.43 gramm,"0,585",Sárga arany,Válassza ki a méretet,,,
36390,https://www.aekszerek.hu//arany/nyaklancok/noi/heratis-nyaklanc-p143562.html," nyaklánc szárnnyal, nőknek (IZ18334) | aEkszerek.hu",Arany 14K,rugós kapocs,Szárnyak,Női,0.96 gramm,"0,585",Sárga arany,Válassza ki a méretet,11 mm,4 mm,Vörösvasérc
69100,https://www.aekszerek.hu//arany/nyaklancok/noi/rose-arany-nyaklanc-szivvel-rosie-p156099.html,"Rosé arany nyaklánc szívvel Rosie, nőknek (IZ14515R) | aEkszerek.hu",Arany 14K,rugós kapocs,Szívecskék,Női,2.17 gramm,"0,585",,Válassza ki a méretet,7 mm,6 mm,
62720,https://www.aekszerek.hu//arany/nyaklancok/medallal/arany-nyaklanc-cirkoniakkal-diszitett-szivvel-p137095.html,"Arany nyaklánc cirkóniákkal díszített szívvel, nőknek (IZ16577) | aEkszerek.hu",Arany 14K,rugós kapocs,Szívecskék,Női,1.99 gramm,"0,585",Sárga arany,,"9,5 mm",14 mm,Cirkon
39230,https://www.aekszerek.hu//arany/nyaklancok/noi/faith-kereszt-nyaklanc-p143514.html,"Faith kereszt nyaklánc, nőknek (IZ18336) | aEkszerek.hu",Arany 14K,rugós kapocs,Keresztek,Női,1.17 gramm,"0,585",Sárga arany,Válassza ki a méretet,4 mm, 7 mm,Cirkon
72070,https://www.aekszerek.hu//arany/nyaklancok/medallal/nyaklanc-keszult-feher-arany-sziv-p137186.html,"Fehérarany nyaklánc szívvel, nőknek (IZ14515A) | aEkszerek.hu",Arany 14K,rugós kapocs,Szívecskék,,2.21 gramm,"0,585",Fehér arany,Válassza ki a méretet,7 mm,"6,5 mm",
36260,https://www.aekszerek.hu//arany/nyaklancok/medallal/arany-nyaklanc-cirkoni-spiritualitassal-p125304.html,"Arany nyaklánc cirkóni spiritualitással, nőknek (IZ12175HR) | aEkszerek.hu",Arany 9K,rugós kapocs,Kövecskével,Női,1.34 gramm,"0,375",Sárga arany,,,,Cirkon
34690,https://www.aekszerek.hu//arany/nyaklancok/noi/heratis-nyaklanc-p143558.html," nyaklánc Végtelen, nőknek (IZ18321) | aEkszerek.hu",Arany 14K,rugós kapocs,Végtelen,Női,0.90 gramm,"0,585",Sárga arany,Válassza ki a méretet,"8,5 mm",4 mm,Vörösvasérc
46430,https://www.aekszerek.hu//arany/nyaklancok/noi/arany-nyaklanc-az-elet-faja-p148212.html,"Arany nyaklánc Életfa, nőknek (IZ20872) | aEkszerek.hu",Arany 14K,rugós kapocs,Életfával,Női,1.37 gramm,"0,585",Sárga arany,Válassza ki a méretet,15 mm,,
49940,https://www.aekszerek.hu//arany/nyaklancok/medallal/nyaklanc-keszult-feher-arany-cirkonia-miliana-3-p125288.html,"Miliana 3 fehér arany nyaklánc cirkonokkal, nőknek (IZ12162AR) | aEkszerek.hu",Arany 14K,rugós kapocs,Kövecskével,Női,1.48 gramm,"0,585",Fehér arany,,,,Cirkon
43010,https://www.aekszerek.hu//arany/nyaklancok/noi/arany-nyaklanc-kereszttel-heratis-p155253.html,"Arany nyaklánc kereszttel, nőknek (IZ20336B) | aEkszerek.hu",Arany 14K,rugós kapocs,Keresztek,Női,1.23 gramm,"0,585",Sárga arany,Válassza ki a méretet,15 mm,,
59570,https://www.aekszerek.hu//arany/nyaklancok/noi/feherarany-nyaklanc-medallal-vegtelen-p154743.html,"Fehérarany nyaklánc medállal Végtelen, nőknek (IZ23435A) | aEkszerek.hu",Arany 14K,rugós kapocs,Végtelen,Női,1.69 gramm,"0,585",Fehér arany,Válassza ki a méretet,12 mm,5.5 mm ,
40760,https://www.aekszerek.hu//arany/nyaklancok/noi/arany-nyaklanc-keresztnel-hit-p143475.html,"Arany nyaklánc keresztnel Hit, nőknek (IZ18337) | aEkszerek.hu",Arany 14K,rugós kapocs,Keresztek,Női,1.18 gramm,"0,585",Sárga arany,Válassza ki a méretet,"20,5 mm","10,5 mm",
55160,https://www.aekszerek.hu//arany/nyaklancok/noi/arany-nyaklanc-kereszttel-heratis-p155766.html,"Arany nyaklánc kereszttel, nőknek (IZ24354) | aEkszerek.hu",Arany 14K,rugós kapocs,Keresztek,,1.69 gramm,"0,585",Sárga arany,Válassza ki a méretet,25 mm,15 mm,
66290,https://www.aekszerek.hu//arany/nyaklancok/noi/heratis-nyaklanc-sziv-es-vegtelen-p143955.html,"Nyaklánc szívvel és végtelen szimbólummal, nőknek (IZ19340) | aEkszerek.hu",Arany 14K,rugós kapocs,Végtelen,Női,1.67 gramm,"0,585",Sárga arany,,20 mm,10 mm,
45350,https://www.aekszerek.hu//arany/nyaklancok/noi/arany-nyaklanc-voros-cirkonnal-spiritualitas-p155435.html,"Arany nyaklánc vörös cirkonnal Spiritualitás, nőknek (IZ23437RNH) | aEkszerek.hu",Arany 14K,rugós kapocs,Kövecskével,Női,1.37 gramm,"0,585",Sárga arany,,5 mm,5 mm,Cirkon
64510,https://www.aekszerek.hu//arany/nyaklancok/noi/arany-nyaklanc-kereszttel-es-medallal-p157061.html,"Arany nyaklánc kereszttel és medállal, nőknek (IZ24821) | aEkszerek.hu",Arany 14K,rugós kapocs,Keresztek,Női,2.01 gramm,"0,585",Sárga arany,Válassza ki a méretet,10 mm,6 mm,
47330,https://www.aekszerek.hu//arany/nyaklancok/medallal/az-angyal-arany-nyaklanca-szarnyak-p132729.html,"Arany nyaklánc Angyalszárnyak, nőknek (IZ15073) | aEkszerek.hu",Arany 14K,rugós kapocs,Szárnyak,Női,1.39 gramm,"0,585",Sárga arany,,40 mm,8 mm,
112110,https://www.aekszerek.hu//arany/nyaklancok/noi/arany-link-nyaklanc-2-7-mm-p142581.html,"Arany link nyaklánc 3,5 mm, nőknek (IZ18884) | aEkszerek.hu",Arany 14K,karabíner,,Női,3.15 gramm,"0,585",,Válassza ki a méretet,"3,5 mm",,
39770,https://www.aekszerek.hu//arany/nyaklancok/noi/arany-nyaklanc-vegtelenig-p150984.html,"Arany nyaklánc Végtelen, nőknek (IZ21744) | aEkszerek.hu",Arany 14K,rugós kapocs,Végtelen,Női,1.15 gramm,"0,585",Sárga arany,Válassza ki a méretet,13 mm,5 mm,
60920,https://www.aekszerek.hu//arany/nyaklancok/gyemant/gyemant-nyaklanc-feher-aranybol-kereszt-0-005-ct-p147606.html,"Fehér aranyból készült gyémánt nyaklánc Kereszt 0,005 ct, nőknek (BSBR122A) | aEkszerek.hu",,rugós kapocs,,Női,1.47 gramm,"0,585",Fehér arany,Válassza ki a méretet,20 mm ,10 mm,"Brilliáns, Gyémánt"
70540,https://www.aekszerek.hu//arany/nyaklancok/noi/arany-nyaklanc-karma-p152947.html,"Arany nyaklánc Karma, nőknek (IZ22952) | aEkszerek.hu",Arany 14K,,Kör,Női,2.27 gramm,"0,585",Sárga arany,Válassza ki a méretet,10 - 14 mm,,
115850,https://www.aekszerek.hu//arany/nyaklancok/noi/haromsoros-arany-nyaklanc-szivecskekkel-cameron-p156132.html,"Háromsoros arany nyaklánc szívecskékkel Cameron, nőknek (IZ24362) | aEkszerek.hu",Arany 14K,rugós kapocs,Szívecskék,Női,,"0,585",Kombinált arany,Válassza ki a méretet,,,
46790,https://www.aekszerek.hu//arany/nyaklancok/noi/arany-nyaklanc-kutya-labnyom-es-sziv-p153038.html,"Arany nyaklánc Kutya lábnyom és szív, nőknek (IZ21898HR) | aEkszerek.hu",Arany 9K,rugós kapocs,Szívecskék,Női,1.73 gramm,"0,375",Sárga arany,Válassza ki a méretet,28 mm,"8,5 mm",
66210,https://www.aekszerek.hu//arany/nyaklancok/medallal/feher-arany-nyaklanc-cirkoniakkal-diszitett-szivvel-p137096.html,"Fehérarany nyaklánc cirkóniákkal díszített szívvel, nőknek (IZ16577A) | aEkszerek.hu",Arany 14K,rugós kapocs,Szívecskék,Női,2.12 gramm,"0,585",,Válassza ki a méretet,"9,5 mm",14 mm,Cirkon
50660,https://www.aekszerek.hu//arany/nyaklancok/noi/feherarany-nyaklanc-sziv-p155060.html,"Fehérarany nyaklánc Szív, nőknek (IZ23762) | aEkszerek.hu",,rugós kapocs,Szívecskék,Női,1.39 gramm,"0,585",Fehér arany,Válassza ki a méretet,10 mm,8 mm,
37520,https://www.aekszerek.hu//arany/nyaklancok/noi/heratis-arany-nyaklanc-sziv-p154957.html," arany nyaklánc Szív, nőknek (IZ24070HR) | aEkszerek.hu",Arany 9K,rugós kapocs,Szívecskék,Női,1.44 gramm,"0,375",Sárga arany,Válassza ki a méretet,17 mm,17 mm,
29890,https://www.aekszerek.hu//arany/nyaklancok/noi/arany-nyaklanc-d-betuvel-p156189.html,"Arany nyaklánc D betűvel, nőknek (IZ24447D) | aEkszerek.hu",Arany 14K,rugós kapocs,,Női,0.51 gramm,"0,585",Sárga arany,Válassza ki a méretet,4 mm,5 mm,
45440,https://www.aekszerek.hu//arany/nyaklancok/noi/angyal-nyaklanc-celebrity-kollekcio-p145022.html,"Angyal nyaklánc a Celebrity gyűjteményből, nőknek (IZ19797A) | aEkszerek.hu",Arany 14K,rugós kapocs,Angyalok,Női,1.26 gramm,,Fehér arany,Válassza ki a méretet,14 mm,"14,5 mm",
61550,https://www.aekszerek.hu//arany/nyaklancok/medallal/arany-nyaklanc-gyuruk-hiressegek-p124976.html,"Celebrity arany nyaklánc karikák, nőknek (IZ12044) | aEkszerek.hu",Arany 14K,rugós kapocs,Kerekek,Női,1.84 gramm,"0,585",Sárga arany,Válassza ki a méretet,,,
67230,https://www.aekszerek.hu//arany/nyaklancok/noi/arany-nyaklanc-karma-izlato-p154756.html,"Arany nyaklánc Karma, nőknek (IZ23368) | aEkszerek.hu",Arany 14K,rugós kapocs,Kör,Női,1.99 gramm,"0,585",Sárga arany,Válassza ki a méretet,15 mm,,
70030,https://www.aekszerek.hu//arany/nyaklancok/noi/feher-arany-nyaklanc-kereszttel-p152263.html,"Fehér arany nyaklánc kereszttel, nőknek (IZ13231AN) | aEkszerek.hu",Arany 14K,,Keresztek,Női,2.25 gramm,"0,585",Fehér arany,Válassza ki a méretet,"11,8 mm",22 mm,
46610,https://www.aekszerek.hu//arany/nyaklancok/noi/egyensulyozo-nyaklanc-p144925.html,"Egyensúlyozó nyaklánc, nőknek (IZ19850NH) | aEkszerek.hu",Arany 14K,rugós kapocs,Kör,Női,,"0,585",Fehér arany,,,,
38390,https://www.aekszerek.hu//arany/nyaklancok/medallal/arany-betu-nyaklanc-n-p153942.html,"Arany nyaklánc N betűvel, nőknek (IZ23448N) | aEkszerek.hu",Arany 14K,,betű,Női,0.97 gramm,"0,585",Sárga arany,,11 mm,10 mm,
33590,https://www.aekszerek.hu//arany/nyaklancok/noi/arany-nyaklanc-csillag-szines-cirkoniakkal-p156204.html,"Arany nyaklánc csillag színes cirkóniákkal, nőknek (IZ24457HR) | aEkszerek.hu",Arany 9K,rugós kapocs,Csillagok,Női,0.69 gramm,"0,375",Sárga arany,Válassza ki a méretet,10 mm,10 mm,Cirkon
44090,https://www.aekszerek.hu//arany/nyaklancok/noi/izlato-nyaklanc-hemitittel-p143273.html,"IZlato nyaklánc hemitittel, nőknek (IZ18481) | aEkszerek.hu",Arany 14K,rugós kapocs,,Női,1.32 gramm,"0,585",Sárga arany,Válassza ki a méretet,3 mm,20 mm,Vörösvasérc
130040,https://www.aekszerek.hu//arany/nyaklancok/noi/noi-arany-golyos-nyaklanc-p156872.html,"Női arany golyós nyaklánc, nőknek (IZ24883N) | aEkszerek.hu",Arany 14K,karabíner,Gyolyócskák,Női,3.82 gramm,"0,585",Sárga arany,Válassza ki a méretet,,,
40400,https://www.aekszerek.hu//arany/nyaklancok/medallal/arany-nyaklanc-vegtelenig-p133039.html,"Arany nyaklánc Végtelen, nőknek (IZ15433) | aEkszerek.hu",Arany 14K,rugós kapocs,Végtelen,Női,1.17 gramm,"0,585",Sárga arany,Válassza ki a méretet,11 mm,5 mm,
63320,https://www.aekszerek.hu//arany/nyaklancok/noi/arany-nyaklanc-v-alakuu-medallal-p148111.html,"Arany nyaklánc V alakú medállal, nőknek (IZ20835) | aEkszerek.hu",Arany 14K,rugós kapocs,betű,Női,2.01 gramm,"0,585",Sárga arany,Válassza ki a méretet,25 mm,,
62720,https://www.aekszerek.hu//arany/nyaklancok/noi/arany-nyaklanc-cirkoniaval-lucky-p109798.html,"Arany nyaklánc cirkóniával Lucky, nőknek (IZ7995) | aEkszerek.hu",Arany 14K,rugós kapocs,Négylevelű lóherék,Női,1.96 gramm,"0,585",Sárga arany,,14 mm,19 mm,Cirkon
79550,https://www.aekszerek.hu//arany/nyaklancok/noi/arany-nyaklanc-rose-gold-p109802.html,"Arany nyaklánc Rose Gold, nőknek (IZ7997) | aEkszerek.hu",Arany 14K,rugós kapocs,Kövecskével,Női,2.57 gramm,"0,585",Sárga arany,Válassza ki a méretet,11 mm ,,Cirkon
54260,https://www.aekszerek.hu//arany/nyaklancok/medallal/arany-nyaklanc-szivecskekkel-p132583.html,"Arany nyaklánc szívvel, nőknek (IZ15050NR) | aEkszerek.hu",Arany 14K,rugós kapocs,Szívecskék,Női,1.66 gramm,"0,585",Sárga arany,Válassza ki a méretet,"6,2 - 10,4 mm","6,5 - 9,8 mm",
69950,https://www.aekszerek.hu//arany/nyaklancok/noi/arany-nyaklanc-tanyerral-a-balance-gravirozasahoz-p152194.html,"Arany nyaklánc tányérral a Balance gravírozásához, nőknek (IZ22501) | aEkszerek.hu",,rugós kapocs,Kör,Női,2.13 gramm,"0,585",Sárga arany,Válassza ki a méretet,,,
47780,https://www.aekszerek.hu//arany/nyaklancok/noi/feherarany-nyaklanc-negylevelu-lohere-celebrity-p155420.html,"Fehérarany nyaklánc négylevelű lóhere Celebrity, nőknek (IZ15432AB) | aEkszerek.hu",,rugós kapocs,Négylevelű lóherék,Női,1.38 gramm,"0,585",Fehér arany,Válassza ki a méretet,10 mm,10 mm,
41390,https://www.aekszerek.hu//arany/nyaklancok/noi/arany-nyaklanc-szivvel-p144957.html,"Nyakék szívvel gravírozáshoz a Celebrity gyűjteményből, nőknek (IZ19798A) | aEkszerek.hu",,rugós kapocs,Szívecskék,Női,1.18 gramm,"0,585",Fehér arany,Válassza ki a méretet,10 mm,8 mm,
52730,https://www.aekszerek.hu//arany/nyaklancok/noi/arany-nyaklanc-eletfa-gravirozhato-koronggal-p155474.html,"Arany nyaklánc Életfa gravírozható koronggal, nőknek (IZ16501G) | aEkszerek.hu",Arany 14K,,Életfával,Női,1.57 gramm,"0,585",Sárga arany,Válassza ki a méretet,18 mm,3 mm,
48590,https://www.aekszerek.hu//arany/nyaklancok/noi/noi-arany-nyaklanc-faragott-mintaval-sziv-p157045.html,"Női arany nyaklánc faragott mintával Szív, nőknek (IZ25009) | aEkszerek.hu",Arany 14K,rugós kapocs,Szívecskék,Női,1.44 gramm,"0,585",Sárga arany,Válassza ki a méretet,14 mm,12 mm,
54890,https://www.aekszerek.hu//arany/nyaklancok/noi/egyensulyozo-nyaklanc-p154577.html,"Egyensúlyozó nyaklánc, nőknek (IZ19558B) | aEkszerek.hu",Arany 14K,rugós kapocs,Kör,Női,1.64 gramm,"0,585",Sárga arany,Válassza ki a méretet,13 mm,,
60940,https://www.aekszerek.hu//arany/nyaklancok/noi/arany-nyaklanc-gyermek-szuletesehez-gyermek-labnyomok-p155901.html,"Arany nyaklánc gyermek születéséhez Gyermek lábnyomok, nőknek (IZ24403) | aEkszerek.hu",,rugós kapocs,Lábacskák,Női,1.80 gramm,"0,585",Sárga arany,Válassza ki a méretet,12 mm,m 15 mm ,
63320,https://www.aekszerek.hu//arany/nyaklancok/noi/spiritualitas-egyko-nyaklanc-p143483.html,"Spiritualitás egykő nyaklánc, nőknek (IZ17212M) | aEkszerek.hu",Arany 14K,karabíner,Kövecskével,Női,2.02 gramm,"0,585",Sárga arany,,,,
98080,https://www.aekszerek.hu//arany/nyaklancok/medallal/arany-sziv-medal-valaszthato-nevvel-p153936.html,"Arany Szív medál, választható névvel, nőknek (IZ17389NH) | aEkszerek.hu",Arany 14K,rugós kapocs,Szívecskék,Női,2.44 gramm,"0,585",Sárga arany,Válassza ki a méretet,23 mm,19 mm,
48500,https://www.aekszerek.hu//arany/nyaklancok/noi/arany-nyaklanc-hematit-szem-p154797.html,"Arany nyaklánc Hematit szem, nőknek (IZ23437) | aEkszerek.hu",Arany 14K,rugós kapocs,Kövecskével,Női,1.40 gramm,"0,585",Sárga arany,Válassza ki a méretet,4.5 mm,4.5 mm,Vörösvasérc
47690,https://www.aekszerek.hu//arany/nyaklancok/noi/arany-nyaklanc-angyalszarny-p148109.html,"Arany nyaklánc angyalszárny, nőknek (IZ20833) | aEkszerek.hu",Arany 14K,rugós kapocs,Szárnyak,Női,1.40 gramm,"0,585",Sárga arany,Válassza ki a méretet,"2 18,5 mm",6 mm,
42020,https://www.aekszerek.hu//arany/nyaklancok/medallal/arany-nyaklanc-angyalszarny-2-p154280.html,"Arany nyaklánc Angyalszárny 2, nőknek (IZ23444) | aEkszerek.hu",Arany 14K,rugós kapocs,Szárnyak,Női,1.20 gramm,"0,585",Sárga arany,Válassza ki a méretet,27 mm,4 mm,
77510,https://www.aekszerek.hu//arany/nyaklancok/noi/arany-nyaklanc-gyongy-8-mm-p150683.html,"Arany nyaklánc gyöngy 8 mm, nőknek (IZ21625NH) | aEkszerek.hu",Arany 14K,rugós kapocs,,Női,2.51 gramm,"0,585",Sárga arany,Válassza ki a méretet,,,Gyöngy
56150,https://www.aekszerek.hu//arany/nyaklancok/noi/heratis-nyaklanc-p143484.html," nyaklánc, nőknek (IZ17212MA) | aEkszerek.hu",Arany 14K,rugós kapocs,Kövecskével,Női,1.70 gramm,"0,585",Fehér arany,,,,Cirkon
46970,https://www.aekszerek.hu//arany/nyaklancok/medallal/vip-arany-nyaklanc-tree-of-life-p129002.html,"Arany nyaklánc VIP életfa, nőknek (IZ12045M) | aEkszerek.hu",Arany 14K,rugós kapocs,Életfával,Női,1.29 gramm,"0,585",Sárga arany,Válassza ki a méretet,,,
42290,https://www.aekszerek.hu//arany/nyaklancok/noi/angyal-nyaklanc-celebrity-kollekcio-p144955.html,"Angyal nyaklánc Celebrity kollekció, nőknek (IZ19797) | aEkszerek.hu",Arany 14K,rugós kapocs,Angyalok,Női,1.17 gramm,"0,585",Sárga arany,,14 mm,"14,7 mm",
80660,https://www.aekszerek.hu//arany/nyaklancok/noi/heratis-nyaklanc-p144926.html," nyaklánc szívvel Celebrity kollekció, nőknek (IZ19851) | aEkszerek.hu",Arany 14K,rugós kapocs,Szívecskék,Női,2.48 gramm,"0,585",Sárga arany,Válassza ki a méretet,"5,5 - 6,5 mm","5,6 - 6 mm",
104880,https://www.aekszerek.hu//arany/nyaklancok/noi/arany-noi-sziv-nyaklanc-p142579.html,"Arany női szív nyaklánc, nőknek (IZ18881) | aEkszerek.hu",Arany 14K,,Szívecskék,Női,3.34 gramm,"0,585",,Válassza ki a méretet,"2,6 mm",,
44630,https://www.aekszerek.hu//arany/nyaklancok/noi/arany-nyaklanc-angyalszarny-p154134.html,"Arany nyaklánc Angyalszárny, nőknek (IZ23424) | aEkszerek.hu",Arany 14K,rugós kapocs,Szárnyak,Női,1.28 gramm,"0,585",Sárga arany,Válassza ki a méretet,"20,5 mm",8 mm,
57500,https://www.aekszerek.hu//arany/gyemant/nyaklancok/merleg-0-010-ct-feher-arany-gyemant-nyaklanc-p153415.html,"Mérleg 0,010 ct fehér arany gyémánt nyaklánc, nőknek (IZBR849ANHR) | aEkszerek.hu",Arany 9K,rugós kapocs,Kör,Női,1.00 gramm,"0,375",Fehér arany,Válassza ki a méretet,7 mm,,"Brilliáns, Gyémánt"
47870,https://www.aekszerek.hu//arany/nyaklancok/noi/noi-arany-nyaklanc-eletfa-p155121.html,"Női arany nyaklánc Életfa, nőknek (IZ23867M) | aEkszerek.hu",Arany 14K,rugós kapocs,Életfával,Női,1.35 gramm,"0,585",Sárga arany,Válassza ki a méretet,,,
68840,https://www.aekszerek.hu//arany/nyaklancok/noi/feherarany-nyaklanc-angyallal-p151777.html,"Fehérarany nyaklánc angyallal, nőknek (IZ21932A) | aEkszerek.hu",Arany 14K,rugós kapocs,Angyalok,Női,2.21 gramm,"0,585",Fehér arany,Válassza ki a méretet,11 mm,12 mm,Cirkon
60940,https://www.aekszerek.hu//arany/nyaklancok/noi/spiritualis-cirkon-nyaklanc-p146164.html,"Spirituális cirkon nyaklánc, nőknek (IZ20329) | aEkszerek.hu",Arany 14K,rugós kapocs,Kövecskével,Női,1.75 gramm,"0,585",Sárga arany,Válassza ki a méretet,,,Cirkon
40670,https://www.aekszerek.hu//arany/nyaklancok/medallal/arany-nyaklanc-piercollal-p132641.html,"Arany nyaklánc tollal, nőknek (IZ15068B) | aEkszerek.hu",Arany 14K,rugós kapocs,Madártoll,Női,1.16 gramm,"0,585",Sárga arany,Válassza ki a méretet,"4,5 mm",,
60920,https://www.aekszerek.hu//arany/gyemant/nyaklancok/arany-nyaklanc-gyemantokkal-0-010-ct-sziv-2-p153789.html,"Arany nyaklánc gyémántokkal 0,010 ct Szív 2, nőknek (IZBR539HR) | aEkszerek.hu",Arany 9K,rugós kapocs,Szívecskék,Női,0.94 gramm,"0,375",Kombinált arany,Válassza ki a méretet,10 mm,8 mm,"Brilliáns, Gyémánt"
81590,https://www.aekszerek.hu//arany/nyaklancok/noi/arany-nyaklanc-cirkoniaval-vegtelen-2-p154778.html,"Arany nyaklánc cirkóniával Végtelen 2, nőknek (IZ23603) | aEkszerek.hu",Arany 14K,rugós kapocs,Végtelen,Női,2.47 gramm,"0,585",,Válassza ki a méretet,"19,7 mm","8,5 mm",Cirkon
54620,https://www.aekszerek.hu//arany/nyaklancok/noi/arany-nyaklanc-kereszttel-p150945.html,"Arany nyaklánc kereszttel, nőknek (IZ13231N) | aEkszerek.hu",Arany 14K,rugós kapocs,Keresztek,Női,1.64 gramm,"0,585",Sárga arany,Válassza ki a méretet,12mm,20 mm,
146700,https://www.aekszerek.hu//arany/nyaklancok/noi/elegans-arany-nyaklanc-2-p154200.html,"Elegáns arany nyaklánc 2, nőknek (IZ13548YB) | aEkszerek.hu",Arany 14K,karabíner,,Női,4.77 gramm,"0,585",Sárga arany,Válassza ki a méretet,,3 mm,
51740,https://www.aekszerek.hu//arany/nyaklancok/noi/arany-nyaklanc-szivecskekkel-p154686.html,"Arany nyaklánc szívecskékkel, nőknek (IZ23436) | aEkszerek.hu",Arany 14K,rugós kapocs,Szívecskék,Női,1.50 gramm,"0,585",Sárga arany,Válassza ki a méretet,17 mm,10 mm,
57500,https://www.aekszerek.hu//arany/nyaklancok/gyemant/arany-gyemant-nyaklanc-kereszt-0-005-ct-faith-p147605.html,"Arany gyémánt nyaklánc Kereszt 0,005 ct Faith, nőknek (BSBR122) | aEkszerek.hu",Arany 14K,rugós kapocs,Keresztek,Női,1.43 gramm,"0,585",Sárga arany,Válassza ki a méretet,20 mm,10 mm,"Brilliáns, Gyémánt"
36800,https://www.aekszerek.hu//arany/nyaklancok/noi/faith-kereszt-nyaklanc-p145620.html,"Faith kereszt nyaklánc, nőknek (IZ20336) | aEkszerek.hu",Arany 14K,rugós kapocs,Keresztek,Női,0.99 gramm,"0,585",Sárga arany,Válassza ki a méretet,15 mm,10 mm,
56240,https://www.aekszerek.hu//arany/nyaklancok/noi/arany-noi-ketsoros-nyaklanc-p154733.html,"Arany női kétsoros nyaklánc, nőknek (IZ23433) | aEkszerek.hu",Arany 14K,rugós kapocs,,Női,1.63 gramm,"0,585",Sárga arany,Válassza ki a méretet,5 mm,,
73010,https://www.aekszerek.hu//arany/nyaklancok/noi/arany-sziv-medal-valaszthato-nevvel-p156835.html,"Arany Szív medál, választható névvel, nőknek (IZ17389NHHR) | aEkszerek.hu",Arany 9K,rugós kapocs,Szívecskék,Női,2.43 gramm,"0,375",Sárga arany,Válassza ki a méretet,21 mm,20 mm,
102250,https://www.aekszerek.hu//arany/nyaklancok/medallal/arany-nyaklanc-szivecskekkel-szemelyre-szabhato-p140510.html,"Arany nyaklánc szívecskékkel, személyre szabható, nőknek (IZ17392) | aEkszerek.hu",Arany 14K,rugós kapocs,Szívecskék,Női,3.05 gramm,"0,585",Sárga arany,Válassza ki a méretet,10 mm,"8,5 mm",
30550,https://www.aekszerek.hu//arany/nyaklancok/noi/arany-nyaklanc-i-betuvel-p154201.html,"Arany nyaklánc I betűvel, nőknek (IZ23448I) | aEkszerek.hu",Arany 14K,rugós kapocs,betű,Női,0.92 gramm,"0,585",Sárga arany,,4.5 mm,11 mm,
43100,https://www.aekszerek.hu//arany/nyaklancok/medallal/arany-nyaklanc-cirkoni-spiritualitassal-p157254.html,"Arany nyaklánc cirkóni spiritualitással, nőknek (IZ13244HR) | aEkszerek.hu",Arany 9K,rugós kapocs,Kövecskével,Női,1.66 gramm,,Sárga arany,Válassza ki a méretet,6 mm,6 mm,Cirkon
69390,https://www.aekszerek.hu//arany/nyaklancok/noi/arany-nyaklanc-koronggal-es-golyocskakkal-p155437.html,"Arany nyaklánc koronggal és golyócskákkal, nőknek (IZ24196) | aEkszerek.hu",Arany 14K,rugós kapocs,,Női,1.78 gramm,"0,585",Sárga arany,Válassza ki a méretet,,7 mm,
73520,https://www.aekszerek.hu//arany/nyaklancok/noi/feher-arany-nyaklanc-kereszttel-p152264.html,"Fehér arany nyaklánc kereszttel, nőknek (IZ13236AN) | aEkszerek.hu",Arany 14K,,Keresztek,Női,2.37 gramm,"0,585",Fehér arany,Válassza ki a méretet,"11,5 mm","23,5 mm",
46690,https://www.aekszerek.hu//arany/nyaklancok/noi/rose-arany-nyaklanc-medallal-vegtelen-p154705.html,"Rosé arany nyaklánc medállal Végtelen, nőknek (IZ23417R) | aEkszerek.hu",Arany 14K,,Végtelen,Női,1.20 gramm,"0,585",Rózsaszín arany,Válassza ki a méretet,15 mm,4 mm ,
58890,https://www.aekszerek.hu//arany/nyaklancok/noi/arany-nyaklanc-gravirozhato-lemezzel-es-szarnnyal-p155488.html,"Arany nyaklánc gravírozható lemezzel és szárnnyal, nőknek (IZ23424G) | aEkszerek.hu",Arany 14K,rugós kapocs,,Női,1.57 gramm,"0,585",Sárga arany,Válassza ki a méretet,18 mm,3 mm,
75890,https://www.aekszerek.hu//arany/nyaklancok/medallal/feherarany-nyaklanc-6-5-mm-es-malvina-gyonggyel-p128271.html,"Fehérarany nyaklánc 6,5 mm-es Malvina gyönggyel, nőknek (IZ13197AR) | aEkszerek.hu",Arany 14K,rugós kapocs,,Női,2.06 gramm,"0,585",Fehér arany,Válassza ki a méretet,,13 mm,"Gyöngy, Cirkon"
114230,https://www.aekszerek.hu//arany/nyaklancok/noi/arany-nyaklanc-gravirozott-lancszemekkel-p154604.html,"Arany nyaklánc Gravírozott láncszemekkel, nőknek (IZ23344NH) | aEkszerek.hu",Arany 14K,rugós kapocs,,Női,3.58 gramm,"0,585",Sárga arany,Válassza ki a méretet,65 mm,,
44090,https://www.aekszerek.hu//arany/nyaklancok/noi/nyaklanc-sziv-dobogas-heratis-p153421.html,"IZlato szívverés nyaklánc, nőknek (IZ20068HR) | aEkszerek.hu",Arany 9K,rugós kapocs,Szív pulzus,Női,1.47 gramm,"0,375",Sárga arany,Válassza ki a méretet,20 mm,10 mm,
31350,https://www.aekszerek.hu//arany/nyaklancok/medallal/arany-nyaklanc-cirkoni-spiritualitassal-p125278.html,"Arany nyaklánc cirkóni spiritualitással, nőknek (IZ12157R) | aEkszerek.hu",Arany 9K,rugós kapocs,Kövecskével,Női,1.29 gramm,"0,375",Sárga arany,Válassza ki a méretet,"4,8 mm","6,2 mm",Cirkon
73990,https://www.aekszerek.hu//arany/nyaklancok/noi/noi-arany-nyaklanc-kockakkal-es-golyokkal-p156897.html,"Női arany nyaklánc kockákkal és golyókkal, nőknek (IZ24824) | aEkszerek.hu",Arany 14K,rugós kapocs,Kocka,Női,1.77 gramm,"0,585",Sárga arany,Válassza ki a méretet,2.8 mm,,
73490,https://www.aekszerek.hu//arany/nyaklancok/noi/noi-arany-nyaklanc-vilagterkep-szivben-p157046.html,"Női arany nyaklánc Világtérkép szívben, nőknek (IZ25010) | aEkszerek.hu",,rugós kapocs,Szívecskék,Női,1.92 gramm,"0,585",Sárga arany,Válassza ki a méretet,15 mm,m 16 mm,
64190,https://www.aekszerek.hu//arany/nyaklancok/noi/arany-nyaklanc-vilagterkep-a-szivben-p151090.html,"Arany nyaklánc Világtérkép a szívben, nőknek (IZ21779) | aEkszerek.hu",Arany 14K,rugós kapocs,Szívecskék,Női,1.59 gramm,"0,585",Sárga arany,Válassza ki a méretet,"13,5 mm","12,5 mm",
96040,https://www.aekszerek.hu//arany/nyaklancok/gyemant/rose-arany-nyaklanc-brilinsokkal-sziv-0-060-ct-p147610.html,"Rosé arany nyaklánc brilinsokkal Szív 0,060 ct, nőknek (BSBR123R) | aEkszerek.hu",Arany 14K,rugós kapocs,Szívecskék,Női,1.27 gramm,,Rózsaszín arany,Válassza ki a méretet,10 mm,7 mm,"Brilliáns, Gyémánt"
162170,https://www.aekszerek.hu//arany/nyaklancok/noi/diszes-ketsoros-arany-karkoto-p154643.html,"Díszes kétsoros arany karkötő, nőknek (IZ23440) | aEkszerek.hu",Arany 14K,karabíner,Gyolyócskák,Női,5.15 gramm,"0,585",Sárga arany,Válassza ki a méretet,5 cm,"3,3 mm",
117290,https://www.aekszerek.hu//arany/nyaklancok/noi/arany-nyaklanc-lanc-minta-2-p154670.html,"Arany nyaklánc - lánc minta 2, nőknek (IZ23166) | aEkszerek.hu",Arany 14K,rugós kapocs,,Női,3.69 gramm,"0,585",Sárga arany,Válassza ki a méretet,140 mm,6 mm,
71890,https://www.aekszerek.hu//arany/nyaklancok/noi/arany-nyaklanc-kereszttel-p154763.html,"Arany nyaklánc kereszttel, nőknek (IZ23394) | aEkszerek.hu",Arany 14K,rugós kapocs,Keresztek,Női,1.85 gramm,"0,585",Sárga arany,Válassza ki a méretet,7 mm,11 mm,
73790,https://www.aekszerek.hu//arany/nyaklancok/noi/arany-nyaklanc-cirkoniaval-kocka-p156600.html,"Arany nyaklánc cirkóniával Kocka, nőknek (IZ24626N) | aEkszerek.hu",Arany 14K,rugós kapocs,Kocka,Női,2.00 gramm,"0,585",Sárga arany,Válassza ki a méretet,5.7 mm,5.7 mm,Cirkon
71190,https://www.aekszerek.hu//arany/nyaklancok/noi/arany-nyaklanc-medal-angyalszarny-p152250.html,"Arany nyaklánc medál Angyalszárny, nőknek (IZ22517) | aEkszerek.hu",Arany 14K,,Szárnyak,Női,1.83 gramm,"0,585",Sárga arany,Válassza ki a méretet,7 mm,14 mm,Cirkon
48490,https://www.aekszerek.hu//arany/nyaklancok/noi/arany-nyaklanc-sziv-medallal-p154712.html,"Arany nyaklánc szív medállal, nőknek (IZ23421) | aEkszerek.hu",Arany 14K,rugós kapocs,Szívecskék,Női,1.25 gramm,,Sárga arany,Válassza ki a méretet,10 mm,8 mm,
66290,https://www.aekszerek.hu//arany/nyaklancok/noi/arany-nyaklanc-kisfiu-kislany-p155898.html,"Arany nyaklánc Kisfiú Kislány, nőknek (IZ24401) | aEkszerek.hu",Arany 14K,rugós kapocs,Kisfiú,Női,2.07 gramm,"0,585",Sárga arany,Válassza ki a méretet,15 mm,11 mm,
60690,https://www.aekszerek.hu//arany/nyaklancok/noi/arany-nyaklanc-vegtelenig-p154863.html,"Arany nyaklánc végtelen, nőknek (IZ23680) | aEkszerek.hu",Arany 14K,rugós kapocs,Végtelen,,1.59 gramm,"0,585",Sárga arany,Válassza ki a méretet,6 mm,3 mm,
82190,https://www.aekszerek.hu//arany/nyaklancok/medallal/arany-nyaklanc-feher-gyongy-marea-7-5-mm-p128327.html,"Arany nyaklánc, fehér gyöngy Marea 7.5 mm, nőknek (IZ13247) | aEkszerek.hu",Arany 14K,rugós kapocs,,Női,2.54 gramm,"0,585",Sárga arany,Válassza ki a méretet,,,Gyöngy
53690,https://www.aekszerek.hu//arany/nyaklancok/noi/arany-nyaklanc-eletfa-fekete-hematittel-p155498.html,"Arany nyaklánc Életfa fekete hematittel, nőknek (IZ24201NH) | aEkszerek.hu",,rugós kapocs,Életfával,Női,1.43 gramm,"0,585",Sárga arany,Válassza ki a méretet,m 10 mm,m 10 mm,Vörösvasérc
58290,https://www.aekszerek.hu//arany/nyaklancok/noi/feherarany-nyaklanc-angyal-p151808.html,"Fehér arany angyal nyaklánc, nőknek (IZ21931A) | aEkszerek.hu",Arany 14K,,,Női,1.54 gramm,"0,585",Fehér arany,Válassza ki a méretet,11 mm,13 mm,Cirkon
79040,https://www.aekszerek.hu//arany/nyaklancok/medallal/feher-arany-ametiszt-nyaklanc-cirkoniakkal-p135713.html,"Fehér arany nyaklánc ametiszttel és cirkonokkal, nőknek (IZ16003FN) | aEkszerek.hu",Arany 14K,rugós kapocs,Kövecskével,Női,,"0,585",Fehér arany,Válassza ki a méretet,,,"Ametiszt, Cirkon"
72290,https://www.aekszerek.hu//arany/nyaklancok/noi/arany-nyaklanc-medallal-vegtelen-p154742.html,"Arany nyaklánc medállal Végtelen, nőknek (IZ23435) | aEkszerek.hu",Arany 14K,rugós kapocs,Végtelen,Női,1.86 gramm,"0,585",Sárga arany,Válassza ki a méretet,12 mm,5.5 mm ,
112360,https://www.aekszerek.hu//arany/nyaklancok/noi/arany-nyaklanc-kovekkel-stephani-21-p106630.html,"Arany nyaklánc kövekkel Stephani 21, nőknek (IZ6407) | aEkszerek.hu",Arany 14K,,,Női,3.49 gramm,"0,585",Sárga arany,Válassza ki a méretet,,,
60590,https://www.aekszerek.hu//arany/nyaklancok/noi/arany-nyaklanc-sziv-medallal-p154497.html,"Arany nyaklánc szív medállal, nőknek (IZ23876) | aEkszerek.hu",Arany 14K,rugós kapocs,Szívecskék,Női,1.55 gramm,"0,585",Sárga arany,Válassza ki a méretet,19.5 mm,,
55990,https://www.aekszerek.hu//arany/nyaklancok/medallal/arany-nyaklanc-szivvel-es-gravirozasra-alkalmas-lemezzel-p154140.html,"Arany nyaklánc szívvel és gravírozásra alkalmas lemezzel, nőknek (IZ23425) | aEkszerek.hu",Arany 14K,rugós kapocs,Szívecskék,Női,,"0,585",Sárga arany,Válassza ki a méretet,20 mm,3.15 mm,
86860,https://www.aekszerek.hu//arany/nyaklancok/noi/arany-nyaklanc-alom-catcher-p154843.html,"Arany nyaklánc Álomfogó, nőknek (IZ23676) | aEkszerek.hu",Arany 14K,rugós kapocs,álomfogó,Női,2.76 gramm,"0,585",Sárga arany,Válassza ki a méretet,,33 mm,
58890,https://www.aekszerek.hu//arany/nyaklancok/noi/celebrity-arany-noi-nyaklanc-p132644.html,"Celebrity arany női nyaklánc, nőknek (IZ15077) | aEkszerek.hu",Arany 14K,rugós kapocs,Kerekek,Női,1.53 gramm,"0,585",Sárga arany,,5 mm,35 mm,
48090,https://www.aekszerek.hu//arany/nyaklancok/noi/arany-lanc-sziv-alaku-medallal-p154491.html,"Arany lánc szív alakú medállal, nőknek (IZ23861) | aEkszerek.hu",Arany 14K,rugós kapocs,Szívecskék,Női,1.21 gramm,"0,585",Sárga arany,Válassza ki a méretet,20 mm,14 mm,
54790,https://www.aekszerek.hu//arany/nyaklancok/noi/arany-nyaklanc-fekete-hematittel-angyalszarny-p155504.html,"Arany nyaklánc fekete hematittel Angyalszárny, nőknek (IZ24203NH) | aEkszerek.hu",Arany 14K,rugós kapocs,Szárnyak,Női,1.50 gramm,"0,585",Sárga arany,Válassza ki a méretet,20 mm,8 mm,Vörösvasérc
53090,https://www.aekszerek.hu//arany/nyaklancok/noi/arany-nyaklanc-lemez-es-kereszt-p155436.html,"Arany nyaklánc Lemez és kereszt, nőknek (IZ23447G) | aEkszerek.hu",Arany 14K,rugós kapocs,Keresztek,Női,1.42 gramm,"0,585",Sárga arany,Válassza ki a méretet,,3 mm,
47890,https://www.aekszerek.hu//arany/nyaklancok/noi/spiritualitas-egyko-nyaklanc-p143673.html,"Spiritualitás egykő nyaklánc, nőknek (IZ19230A) | aEkszerek.hu",Arany 9K,rugós kapocs,Kövecskével,Női,1.62 gramm,"0,375",Fehér arany,Válassza ki a méretet,7 mm,"5,7 mm",Cirkon
100800,https://www.aekszerek.hu//arany/nyaklancok/noi/arany-noi-nyaklanc-catrina-p124441.html,"Arany női nyaklánc Catrina, nőknek (IZ12090) | aEkszerek.hu",Arany 14K,rugós kapocs,,Női,3.09 gramm,"0,585",Sárga arany,,"2,200 mm",,
61390,https://www.aekszerek.hu//arany/lancok/ferfi/arany-nyaklanc-sea-star-white-p106730.html,"Arany nyaklánc Sea Star white, nőknek (IZ6476) | aEkszerek.hu",Arany 14K,rugós kapocs,,Női,1.65 gramm,"0,585",Fehér arany,Válassza ki a méretet,,,Cirkon
55290,https://www.aekszerek.hu//arany/nyaklancok/noi/heratis-arany-nyaklanc-lemezzel-p154748.html," arany nyaklánc lemezzel, nőknek (IZ23418) | aEkszerek.hu",Arany 14K,rugós kapocs,,Női,1.44 gramm,"0,585",Sárga arany,Válassza ki a méretet,16 mm,3 mm,
50990,https://www.aekszerek.hu//arany/nyaklancok/noi/arany-nyaklanc-ornamentalis-szivvel-p148206.html,"Arany nyaklánc ornamentális szívvel, nőknek (IZ20844) | aEkszerek.hu",Arany 14K,rugós kapocs,Szívecskék,Női,1.27 gramm,"0,585",Sárga arany,Válassza ki a méretet,15 mm,12 mm,
54890,https://www.aekszerek.hu//arany/nyaklancok/noi/arany-nyaklanc-faragott-medalokkal-p155511.html,"Arany nyaklánc faragott medálokkal, nőknek (IZ24239) | aEkszerek.hu",Arany 14K,rugós kapocs,Szívecskék,Női,1.43 gramm,"0,585",Sárga arany,Válassza ki a méretet,7 mm,7 mm,
54190,https://www.aekszerek.hu//arany/nyaklancok/noi/arany-nyaklanc-gravirozasra-alkalmas-lemezzel-es-koronggal-p155482.html,"Arany nyaklánc gravírozásra alkalmas lemezzel és koronggal, nőknek (IZ23412B) | aEkszerek.hu",Arany 14K,rugós kapocs,,Női,1.40 gramm,,Sárga arany,Válassza ki a méretet,18 mm,3 mm,
68420,https://www.aekszerek.hu//arany/nyaklancok/noi/spiritualitas-egyko-nyaklanc-p143828.html,"Spiritualitás egykő nyaklánc, nőknek (IZ19228A) | aEkszerek.hu",Arany 14K,rugós kapocs,Kövecskével,Női,2.12 gramm,"0,585",Fehér arany,Válassza ki a méretet,"6,5 mm",,Cirkon
117550,https://www.aekszerek.hu//arany/nyaklancok/noi/haromszinu-arany-rozsafuzer-heratis-p155249.html,"Háromszínű arany rózsafüzér, nőknek (IZ15331Z) | aEkszerek.hu",Arany 14K,rugós kapocs,Keresztek,Női,,"0,585",Kombinált arany,Válassza ki a méretet,6 mm,10 mm,
62390,https://www.aekszerek.hu//arany/nyaklancok/medallal/arany-nyaklanc-keresztnel-hit-p129006.html,"Arany nyaklánc keresztnel Hit, nőknek (IZ13618) | aEkszerek.hu",Arany 14K,rugós kapocs,Keresztek,Női,1.44 gramm,"0,585",Sárga arany,Válassza ki a méretet,"22,5 mm",13 mm,
49590,https://www.aekszerek.hu//arany/nyaklancok/noi/arany-nyaklanc-sziv-2-p154495.html,"Arany nyaklánc Szív 2, nőknek (IZ23869) | aEkszerek.hu",Arany 14K,rugós kapocs,Szívecskék,Női,1.25 gramm,"0,585",Sárga arany,Válassza ki a méretet,13.5 mm,10.5 mm,
54790,https://www.aekszerek.hu//arany/nyaklancok/noi/arany-nyaklanc-lohere-fekete-hematittel-p155496.html,"Arany nyaklánc Lóhere fekete hematittel, nőknek (IZ24200NH) | aEkszerek.hu",,rugós kapocs,Négylevelű lóherék,Női,1.50 gramm,"0,585",Sárga arany,Válassza ki a méretet,10 mm,10 mm,Vörösvasérc
45990,https://www.aekszerek.hu//arany/nyaklancok/medallal/arany-nyaklanc-ornament-gyemanttal-p154128.html,"Arany nyaklánc ornament gyémánttal, nőknek (IZ23422) | aEkszerek.hu",Arany 14K,rugós kapocs,Gyémánt,Női,1.18 gramm,"0,585",Sárga arany,Válassza ki a méretet,12 mm,10 mm,
42890,https://www.aekszerek.hu//arany/nyaklancok/noi/noi-arany-nyaklanc-kereszttel-p156567.html,"Női arany nyaklánc kereszttel, nőknek (IZ24597) | aEkszerek.hu",Arany 14K,rugós kapocs,Keresztek,Női,1.15 gramm,"0,585",Sárga arany,Válassza ki a méretet,12 mm,,
58190,https://www.aekszerek.hu//arany/nyaklancok/noi/arany-nyaklanc-angyalszarny-2-p154143.html,"Arany nyaklánc Angyalszárny 2, nőknek (IZ23426) | aEkszerek.hu",Arany 14K,rugós kapocs,Szárnyak,Női,1.52 gramm,"0,585",Sárga arany,Válassza ki a méretet,25 mm,13 mm,
77590,https://www.aekszerek.hu//arany/nyaklancok/noi/arany-nyaklanc-dragonfly-p109793.html,"Arany nyaklánc Dragonfly, nőknek (IZ4134Y) | aEkszerek.hu",Arany 14K,rugós kapocs,Szitakötők,Női,2.07 gramm,"0,585",Kombinált arany,Válassza ki a méretet,15 mm,15 mm,Cirkon
97390,https://www.aekszerek.hu//arany/nyaklancok/noi/heratis-nyaklanc-vegtelen-gyongyokkel-p146078.html," nyaklánc végtelen gyöngyökkel, nőknek (IZ20228) | aEkszerek.hu",,karabíner,Végtelen,Női,2.56 gramm,"0,585",Sárga arany,,15 mm,5 mm,
99690,https://www.aekszerek.hu//arany/nyaklancok/noi/tricolor-nyaklanc-cirkon-p143829.html,"Tricolor nyaklánc cirkon, nőknek (IZ19232) | aEkszerek.hu",Arany 14K,karabíner,,Női,2.69 gramm,"0,585",Kombinált arany,,,,Cirkon
61390,https://www.aekszerek.hu//arany/nyaklancok/noi/arany-nyaklanc-sziv-golyocskakkal-p155507.html,"Arany nyaklánc szív golyócskákkal, nőknek (IZ24223NH) | aEkszerek.hu",Arany 14K,rugós kapocs,Szívecskék,Női,1.65 gramm,"0,585",Sárga arany,Válassza ki a méretet,,5 mm,
58290,https://www.aekszerek.hu//arany/nyaklancok/noi/arany-nyaklanc-vegtelenig-p152196.html,"Arany nyaklánc végtelen, nőknek (IZ22503) | aEkszerek.hu",Arany 14K,,Végtelen,Női,1.58 gramm,"0,585",Sárga arany,Válassza ki a méretet,"14,7 mm","6,8 mm",
92390,https://www.aekszerek.hu//arany/nyaklancok/noi/arany-nyaklanc-szivecskevel-feher-gyongyokkel-es-zafirral-p136037.html,"Arany nyaklánc szívvel, fehér gyöngyökkel és zafírral, nőknek (IZ16235M) | aEkszerek.hu",Arany 14K,rugós kapocs,Szívecskék,Női,2.42 gramm,"0,585",Sárga arany,Válassza ki a méretet,9 mm,6 mm,"Gyöngy, Zafír"
66490,https://www.aekszerek.hu//arany/nyaklancok/noi/arany-karma-nyaklanc-tanyerral-a-szemelyre-szabashoz-p154265.html,"Arany karma nyaklánc tányérral a személyre szabáshoz, nőknek (IZ23584) | aEkszerek.hu",Arany 14K,rugós kapocs,,Női,1.61 gramm,"0,585",Sárga arany,,5 mm,35 mm,
71890,https://www.aekszerek.hu//arany/nyaklancok/noi/arany-nyaklanc-koronggal-es-szivvel-p154656.html,"Arany nyaklánc koronggal és szívvel, nőknek (IZ23690) | aEkszerek.hu",Arany 14K,rugós kapocs,Szívecskék,Női,1.84 gramm,"0,585",Sárga arany,Válassza ki a méretet,,5 mm,
57090,https://www.aekszerek.hu//arany/nyaklancok/medallal/arany-nyaklanc-eletfa-p154344.html,"Arany nyaklánc Életfa, nőknek (IZ23705) | aEkszerek.hu",Arany 14K,rugós kapocs,,Női,1.48 gramm,"0,585",Sárga arany,Válassza ki a méretet,13 mm,13 mm,
45890,https://www.aekszerek.hu//arany/nyaklancok/noi/noi-arany-nyaklanc-vegtelen-p155128.html,"Női arany nyaklánc Végtelen, nőknek (IZ23895) | aEkszerek.hu",Arany 14K,rugós kapocs,Végtelen,Női,1.14 gramm,"0,585",Sárga arany,Válassza ki a méretet,21 mm,6 mm,
107890,https://www.aekszerek.hu//arany/nyaklancok/medallal/arany-es-nyaklanc-angyal-szarnyak-hiressegek-p122729.html,"Celebrity arany nyaklánc angyalszárnyakkal, nőknek (IZ9094M) | aEkszerek.hu",Arany 14K,rugós kapocs,Szárnyak,Női,2.69 gramm,"0,585",Sárga arany,Válassza ki a méretet,28 mm,8 mm,
61390,https://www.aekszerek.hu//arany/nyaklancok/noi/arany-nyaklanc-szivek-a-karikaban-p155510.html,"Arany nyaklánc Szívek a karikában, nőknek (IZ24234) | aEkszerek.hu",Arany 14K,rugós kapocs,Szívecskék,Női,1.65 gramm,"0,585",Sárga arany,Válassza ki a méretet,15 mm,15 mm,
102390,https://www.aekszerek.hu//arany/nyaklancok/noi/gravirozott-arany-nyaklanc-szivekkel-viola-p155945.html,"Gravírozott arany nyaklánc szívekkel Viola, nőknek (IZ24398N) | aEkszerek.hu",Arany 14K,karabíner,Szívecskék,Női,2.70 gramm,"0,585",Sárga arany,Válassza ki a méretet,9 mm,7 mm,
47690,https://www.aekszerek.hu//arany/nyaklancok/noi/heratis-arany-nyaklanc-sziv-p154962.html," arany nyaklánc Szív, nőknek (IZ15420B) | aEkszerek.hu",Arany 14K,rugós kapocs,,Női,1.20 gramm,"0,585",Sárga arany,Válassza ki a méretet,15 mm,14 mm,
53890,https://www.aekszerek.hu//arany/nyaklancok/noi/arany-nyaklanc-pillango-p154760.html,"Arany nyaklánc Pillangó, nőknek (IZ23391) | aEkszerek.hu",Arany 14K,rugós kapocs,Pillangók,Női,1.40 gramm,"0,585",Sárga arany,Válassza ki a méretet,20 mm,3 mm,
66890,https://www.aekszerek.hu//arany/nyaklancok/noi/arany-nyaklanc-szimbolumokkal-p154149.html,"Arany nyaklánc szimbólumokkal, nőknek (IZ23428) | aEkszerek.hu",Arany 14K,rugós kapocs,Szívecskék,Női,1.71 gramm,"0,585",Sárga arany,Válassza ki a méretet,"10 mm, 9,2 mm, 5,6 mm","10,1 mm, 9,8 mm, 12,1 mm",
52390,https://www.aekszerek.hu//arany/nyaklancok/noi/arany-nyaklanc-madartollal-2-p154146.html,"Arany nyaklánc madártollal 2, nőknek (IZ23427) | aEkszerek.hu",Arany 14K,rugós kapocs,Madártoll,Női,1.36 gramm,"0,585",Sárga arany,Válassza ki a méretet,20 mm,9 mm,
118890,https://www.aekszerek.hu//arany/nyaklancok/noi/arany-nyaklanc-kerek-merleggel-p154867.html,"Arany nyaklánc, kerek mérleggel, nőknek (IZ23687) | aEkszerek.hu",Arany 14K,rugós kapocs,Kör,Női,3.16 gramm,"0,585",Sárga arany,,,,
86590,https://www.aekszerek.hu//arany/nyaklancok/noi/feher-arany-nyaklanc-cirkoni-spiritualitassal-p154918.html,"Fehérarany nyaklánc cirkóniával Spirituality, nőknek (IZ23774) | aEkszerek.hu",Arany 14K,rugós kapocs,Kövecskével,Női,2.25 gramm,"0,585",Fehér arany,Válassza ki a méretet,,,Cirkon
93090,https://www.aekszerek.hu//arany/nyaklancok/noi/arany-golyos-nyaklanc-jennifer-p156628.html,"Arany golyós nyaklánc Jennifer, nőknek (IZ24643) | aEkszerek.hu",Arany 14K,rugós kapocs,Gyolyócskák,Női,1.76 gramm,"0,585",Sárga arany,Válassza ki a méretet,,,
76590,https://www.aekszerek.hu//arany/nyaklancok/noi/arany-nyaklanc-medallal-owl-white-p106601.html,"Arany nyaklánc medállal Owl white, nőknek (IZ6378) | aEkszerek.hu",Arany 14K,,Bagoly,Női,2.03 gramm,"0,585",Fehér arany,Válassza ki a méretet,"10,5 mm","15,5 mm",Cirkon
52090,https://www.aekszerek.hu//arany/nyaklancok/noi/arany-nyaklanc-sziv-medallal-p154113.html,"Arany nyaklánc szív medállal, nőknek (IZ23413) | aEkszerek.hu",Arany 14K,rugós kapocs,Szívecskék,Női,1.35 gramm,"0,585",Sárga arany,Válassza ki a méretet,20 mm,3.15 mm,
64190,https://www.aekszerek.hu//arany/nyaklancok/noi/noi-arany-nyaklanc-kisfiu-es-kislany-p157048.html,"Női arany nyaklánc Kisfiú és Kislány, nőknek (IZ25015) | aEkszerek.hu",Arany 14K,rugós kapocs,Kisfiú,Női,1.72 gramm,"0,585",Sárga arany,Válassza ki a méretet,11 mm,13 mm,
113390,https://www.aekszerek.hu//arany/nyaklancok/noi/noi-arany-nyaklanc-golyokkal-p157038.html,"Női arany nyaklánc golyókkal, nőknek (IZ25004) | aEkszerek.hu",Arany 14K,karabíner,Gyolyócskák,Női,3.05 gramm,"0,585",Sárga arany,Válassza ki a méretet,4 - 6 mm,,
50490,https://www.aekszerek.hu//arany/nyaklancok/noi/arany-nyaklanc-kereszttel-es-fekete-cirkonokkal-p155501.html,"Arany nyaklánc kereszttel és fekete cirkonokkal, nőknek (IZ24202NH) | aEkszerek.hu",Arany 14K,rugós kapocs,Keresztek,Női,1.34 gramm,"0,585",Sárga arany,Válassza ki a méretet,15 mm,6 mm,Vörösvasérc
59490,https://www.aekszerek.hu//arany/nyaklancok/noi/arany-nyaklanc-eletfa-2-p154493.html,"Arany nyaklánc Életfa 2, nőknek (IZ23867) | aEkszerek.hu",Arany 14K,rugós kapocs,Életfával,Női,1.52 gramm,"0,585",Sárga arany,Válassza ki a méretet,20.5 mm,20.5 mm,
89890,https://www.aekszerek.hu//arany/nyaklancok/noi/arany-nyaklanc-gyongyhazfenyu-sziv-p154585.html,"Arany nyaklánc gyöngyházfényű Szív, nőknek (IZ23176NH) | aEkszerek.hu",Arany 14K,rugós kapocs,Szívecskék,Női,2.47 gramm,"0,585",Sárga arany,Válassza ki a méretet,11 mm,11 mm,Gyöngyház
43110,https://www.aekszerek.hu//arany/nyaklancok/noi/arany-nyaklanc-vegtelenig-p154107.html,"Arany nyaklánc Végtelen, nőknek (IZ23411) | aEkszerek.hu",Arany 14K,rugós kapocs,Végtelen,Női,1.40 gramm,"0,585",Sárga arany,Válassza ki a méretet,20 mm,3.15 mm,
81890,https://www.aekszerek.hu//arany/nyaklancok/noi/arany-nyaklanc-cirkoni-spiritualitassal-p154857.html,"Arany nyaklánc cirkóni spiritualitással, nőknek (IZ23642) | aEkszerek.hu",Arany 14K,rugós kapocs,Kövecskével,Női,2.17 gramm,"0,585",Sárga arany,Válassza ki a méretet,,,Cirkon
124990,https://www.aekszerek.hu//arany/nyaklancok/noi/arany-nyaklanc-fekete-cirkoniaval-es-gyongyokkel-p140115.html,"Arany nyaklánc fekete cirkonokkal és golyókkal, nőknek (IZ17015) | aEkszerek.hu",Arany 14K,rugós kapocs,Gyolyócskák,Női,3.23 gramm,"0,585",Sárga arany,Válassza ki a méretet,,,Vörösvasérc
110590,https://www.aekszerek.hu//arany/nyaklancok/noi/noi-arany-nyaklanc-kotel-p156538.html,"Női arany nyaklánc Kötél, nőknek (IZ24587) | aEkszerek.hu",Arany 14K,karabíner,,Női,2.72 gramm,"0,585",Sárga arany,Válassza ki a méretet,,,
146530,https://www.aekszerek.hu//arany/nyaklancok/noi/nyaklanc-termeszetes-rozsaszin-gyongybol-zoya-8-mm-p120956.html,"Nyaklánc természetes rózsaszín gyöngyből Zoya 8 mm, nőknek (PE142Y) | aEkszerek.hu",,összetolható biztosí,,Női,33.37 gramm,"0,585",Sárga arany,,,,Gyöngy
83990,https://www.aekszerek.hu//arany/nyaklancok/noi/arany-nyaklanc-gravirozott-diszekkel-es-keresztekkel-p157060.html,"Arany nyaklánc gravírozott díszekkel és keresztekkel, nőknek (IZ24820) | aEkszerek.hu",Arany 14K,rugós kapocs,Keresztek,Női,2.24 gramm,"0,585",Sárga arany,Válassza ki a méretet,10 mm,6 mm,
49670,https://www.aekszerek.hu//arany/nyaklancok/noi/arany-nyaklanc-keresztekkel-p153201.html,"Arany nyaklánc keresztekkel, nőknek (IZ22982) | aEkszerek.hu",Arany 14K,rugós kapocs,Keresztek,Női,1.67 gramm,"0,585",Sárga arany,,"6,5 mm",13 mm,
43510,https://www.aekszerek.hu//arany/nyaklancok/noi/arany-nyaklanc-szivvel-es-hematittel-p155506.html,"Arany nyaklánc szívvel és hematittel, nőknek (IZ24204NH) | aEkszerek.hu",,rugós kapocs,Szívecskék,Női,1.45 gramm,"0,585",Sárga arany,Válassza ki a méretet,10 mm,8 mm,Vörösvasérc
112990,https://www.aekszerek.hu//arany/gyemant/nyaklancok/rose-arany-brilians-nyaklanc-0-010-ct-briliansokkal-p151706.html,"Rosé arany briliáns nyaklánc 0,010 ct briliánsokkal, nőknek (IZBR729R) | aEkszerek.hu",Arany 14K,rugós kapocs,,Női,0.99 gramm,"0,585",Rózsaszín arany,Válassza ki a méretet,4 mm,,"Brilliáns, Gyémánt"
107390,https://www.aekszerek.hu//arany/nyaklancok/noi/arany-nyaklanc-golyocskak-p154985.html,"Arany nyaklánc Golyócskák, nőknek (IZ23633NH) | aEkszerek.hu",Arany 14K,karabíner,Gyolyócskák,Női,2.88 gramm,"0,585",Sárga arany,Válassza ki a méretet,,,
43110,https://www.aekszerek.hu//arany/nyaklancok/noi/arany-es-nyaklanc-a-lohere-hiressegek-p155431.html,"Celebrity arany nyaklánc négylevelű lóherével, nőknek (IZ15432B) | aEkszerek.hu",,rugós kapocs,Négylevelű lóherék,Női,1.40 gramm,"0,585",Sárga arany,Válassza ki a méretet,10 mm,10 mm,
44070,https://www.aekszerek.hu//arany/nyaklancok/noi/noi-arany-nyaklanc-kislany-es-kisfiu-p157654.html,"Női arany nyaklánc Kislány és Kisfiú, nőknek (IZ25298) | aEkszerek.hu",Arany 14K,rugós kapocs,Kisfiú,Női,1.47 gramm,"0,585",Sárga arany,,17 mm,"12,5 mm",
55190,https://www.aekszerek.hu//arany/nyaklancok/noi/faith-kereszt-nyaklanc-p145511.html,"Faith kereszt nyaklánc, nőknek (IZ20061) | aEkszerek.hu",,rugós kapocs,Keresztek,Női,1.70 gramm,"0,585",Sárga arany,,15 mm,10 mm,
46230,https://www.aekszerek.hu//arany/nyaklancok/noi/noi-arany-nyaklanc-sziv-a-korben-p155960.html,"Női arany nyaklánc Szív a körben, nőknek (IZ24234M) | aEkszerek.hu",Arany 14K,rugós kapocs,Szívecskék,Női,1.50 gramm,"0,585",Sárga arany,Válassza ki a méretet,,,
90290,https://www.aekszerek.hu//arany/nyaklancok/noi/arany-nyaklanc-golyocskakkal-es-kereszttel-p156917.html,"Arany nyaklánc golyócskákkal és kereszttel, nőknek (IZ24844) | aEkszerek.hu",Arany 14K,rugós kapocs,Keresztek,Női,2.40 gramm,"0,585",Sárga arany,Válassza ki a méretet,6 mm,14 mm,
84090,https://www.aekszerek.hu//arany/nyaklancok/noi/noi-arany-nyaklanc-gravirozott-szivekkel-p156860.html,"Női arany nyaklánc gravírozott szívekkel, nőknek (IZ24822) | aEkszerek.hu",Arany 14K,rugós kapocs,Szívecskék,Női,2.04 gramm,"0,585",Sárga arany,Válassza ki a méretet,7 mm,m 8 mm,
91190,https://www.aekszerek.hu//arany/nyaklancok/medallal/arany-nyaklanc-szines-kovekkel-az-elet-faja-p138665.html,"Arany nyaklánc színes kövekkel Életfa, nőknek (IZ16796) | aEkszerek.hu",Arany 14K,rugós kapocs,Életfával,Női,2.49 gramm,"0,585",Sárga arany,Válassza ki a méretet,,,Cirkon
59030,https://www.aekszerek.hu//arany/nyaklancok/noi/arany-nyaklanc-pillango-cirkoniakkal-p153868.html,"Arany nyaklánc Pillangó cirkóniákkal, nőknek (IZ23488) | aEkszerek.hu",Arany 14K,rugós kapocs,Pillangók,Női,1.95 gramm,"0,585",Sárga arany,,11 mm,11 mm,Cirkon
43350,https://www.aekszerek.hu//arany/nyaklancok/noi/arany-nyaklanc-ornament-gyemanttal-p154119.html,"Arany nyaklánc ornament gyémánttal, nőknek (IZ23415) | aEkszerek.hu",Arany 14K,,Gyémánt,Női,1.41 gramm,"0,585",Sárga arany,Válassza ki a méretet,20 mm,3.15 mm,
128190,https://www.aekszerek.hu//arany/gyemant/nyaklancok/nyaklanc-gyemant-0-010-ct-angel-white-p105085.html,"ANGEL nyaklánc gyémánttal 0,010 ct white, nőknek (IZ5453A) | aEkszerek.hu",Arany 14K,rugós kapocs,,Női,2.64 gramm,"0,585",Fehér arany,Válassza ki a méretet,8 mm,25 mm,Brilliáns
40550,https://www.aekszerek.hu//arany/nyaklancok/noi/arany-nyaklanc-vegtelen-fekete-hematittel-p155493.html,"Arany nyaklánc Végtelen fekete hematittel, nőknek (IZ24199NH) | aEkszerek.hu",Arany 14K,rugós kapocs,Végtelen,Női,1.38 gramm,"0,585",Sárga arany,Válassza ki a méretet,12 mm,4.5 mm,Vörösvasérc
59510,https://www.aekszerek.hu//arany/nyaklancok/noi/arany-betu-nyaklanc-n-p148144.html,"Arany nyaklánc N betűvel, nőknek (IZ16582N) | aEkszerek.hu",Arany 14K,rugós kapocs,betű,Női,1.86 gramm,"0,585",Sárga arany,Válassza ki a méretet,7 mm,"7,8 mm",
58230,https://www.aekszerek.hu//arany/nyaklancok/noi/arany-nyaklanc-szarny-p157383.html,"Arany nyaklánc Szárny, nőknek (IZ25127) | aEkszerek.hu",Arany 14K,rugós kapocs,Szárnyak,Női,1.82 gramm,"0,585",Sárga arany,Válassza ki a méretet,3 8 mm,26 30 mm,
150190,https://www.aekszerek.hu//arany/nyaklancok/noi/noi-arany-nyaklanc-diszekkel-p156931.html,"Női arany nyaklánc díszekkel, nőknek (IZ24840NH) | aEkszerek.hu",Arany 14K,karabíner,,Női,3.99 gramm,"0,585",Sárga arany,Válassza ki a méretet,,,
81490,https://www.aekszerek.hu//arany/nyaklancok/noi/arany-nyaklanc-cirkoni-spiritualitassal-p154858.html,"Arany nyaklánc cirkóni spiritualitással, nőknek (IZ23642M) | aEkszerek.hu",Arany 14K,rugós kapocs,Kövecskével,Női,2.17 gramm,"0,585",Sárga arany,Válassza ki a méretet,,,Cirkon
51270,https://www.aekszerek.hu//arany/nyaklancok/noi/noi-arany-nyaklanc-cirkoniakkal-vegtelen-p156641.html,"Női arany nyaklánc cirkóniákkal Végtelen, nőknek (IZ10065N) | aEkszerek.hu",Arany 14K,rugós kapocs,Végtelen,Női,1.72 gramm,"0,585",Sárga arany,Válassza ki a méretet,10 mm,4 mm,Cirkon
43910,https://www.aekszerek.hu//arany/nyaklancok/noi/noi-arany-nyaklanc-angyalszarny-a-korben-p155965.html,"Női arany nyaklánc Angyalszárny a körben, nőknek (IZ24385) | aEkszerek.hu",Arany 14K,rugós kapocs,Szárnyak,Női,1.43 gramm,"0,585",Sárga arany,Válassza ki a méretet,,,
59910,https://www.aekszerek.hu//arany/nyaklancok/medallal/arany-nyaklanc-medallal-sziv-p153732.html,"Arany nyaklánc medállal Szív, nőknek (IZ23487) | aEkszerek.hu",Arany 14K,rugós kapocs,Szívecskék,Női,1.98 gramm,"0,585",Sárga arany,,,10 mm,
203990,https://www.aekszerek.hu//arany/nyaklancok/noi/arany-nyaklanc-level-p155100.html,"Arany nyaklánc Levél, nőknek (IZ23828) | aEkszerek.hu",Arany 14K,karabíner,Levél,,5.81 gramm,"0,585",Kombinált arany,Válassza ki a méretet,13 mm,10 mm,
44230,https://www.aekszerek.hu//arany/nyaklancok/noi/arany-nyaklanc-negylevelu-loherevel-p154116.html,"Arany nyaklánc négylevelű lóherével, nőknek (IZ23414) | aEkszerek.hu",,rugós kapocs,Négylevelű lóherék,Női,1.44 gramm,"0,585",Sárga arany,Válassza ki a méretet,20 mm,3.15 mm,
40640,https://www.aekszerek.hu//arany/nyaklancok/noi/arany-noi-nyaklanc-karma-p154110.html,"Arany női nyaklánc Karma, nőknek (IZ23412) | aEkszerek.hu",Sárga arany,rugós kapocs,,Női,1.41 gramm,"0,585",Sárga arany,Válassza ki a méretet,20 mm,3.15 mm,
83590,https://www.aekszerek.hu//arany/nyaklancok/noi/arany-nyaklanc-golyocskak-p154854.html,"Arany nyaklánc Golyócskák, nőknek (IZ23635NH) | aEkszerek.hu",Arany 14K,karabíner,Gyolyócskák,Női,2.63 gramm,"0,585",Sárga arany,Válassza ki a méretet,,,
40940,https://www.aekszerek.hu//arany/nyaklancok/noi/arany-nyaklanc-tollal-p154104.html,"Arany nyaklánc tollal, nőknek (IZ23410) | aEkszerek.hu",Arany 14K,rugós kapocs,Madártoll,,1.42 gramm,"0,585",Sárga arany,Válassza ki a méretet,20 mm,3.15 mm,
41990,https://www.aekszerek.hu//arany/nyaklancok/medallal/arany-nyaklanc-ornament-gyemanttal-2-p154131.html,"Arany nyaklánc ornament gyémánttal 2, nőknek (IZ23423) | aEkszerek.hu",Arany 14K,rugós kapocs,Gyémánt,Női,1.46 gramm,"0,585",Sárga arany,,17 mm,15 mm,
39380,https://www.aekszerek.hu//arany/nyaklancok/noi/noi-arany-nyaklanc-sziv-p155116.html,"Női arany nyaklánc SZÍV, nőknek (IZ24068) | aEkszerek.hu",Arany 14K,rugós kapocs,Szívecskék,Női,1.55 gramm,"0,585",Sárga arany,Válassza ki a méretet,15 mm,,
304190,https://www.aekszerek.hu//arany/nyaklancok/noi/arany-nyaklanc-levelekkel-p153090.html,"Arany nyaklánc levelekkel, nőknek (IZ22881NH) | aEkszerek.hu",Arany 14K,,,Női,8.32 gramm,"0,585",Kombinált arany,,"8 mm,7mm","16 mm,12 mm",
83350,https://www.aekszerek.hu//arany/nyaklancok/noi/arany-nyaklanc-diszekkel-es-feher-gyongyhazzal-p156944.html,"Arany nyaklánc díszekkel és fehér gyöngyházzal, nőknek (IZ24966) | aEkszerek.hu",Arany 14K,karabíner,Négyzet,Női,2.75 gramm,,Sárga arany,,6 mm,,Gyöngyház
68790,https://www.aekszerek.hu//arany/nyaklancok/medallal/arany-es-nyaklanc-sziv-hiressegek-p134456.html,"Celebrity arany nyaklánc szívvel, nőknek (IZ11523NH) | aEkszerek.hu",Arany 14K,rugós kapocs,Szívecskék,Női,2.10 gramm,"0,585",Sárga arany,Válassza ki a méretet,10 mm,"8,5 mm",
42820,https://www.aekszerek.hu//arany/nyaklancok/noi/noi-arany-nyaklanc-vegtelen-a-korben-p155964.html,"Női arany nyaklánc Végtelen a körben, nőknek (IZ24384) | aEkszerek.hu",Arany 14K,rugós kapocs,Végtelen,Női,1.49 gramm,"0,585",Sárga arany,Válassza ki a méretet,,,
162190,https://www.aekszerek.hu//arany/nyaklancok/noi/noi-arany-nyaklanc-ovalis-diszekkel-p156863.html,"Női arany nyaklánc ovális díszekkel, nőknek (IZ24823) | aEkszerek.hu",Arany 14K,karabíner,,Női,4.00 gramm,"0,585",Sárga arany,Válassza ki a méretet,5 - 8 mm,4.2 - 5.5 mm,
50690,https://www.aekszerek.hu//arany/nyaklancok/noi/arany-es-nyaklanc-lemezek-p152348.html,"Arany nyaklánc lemezekkel, nőknek (IZ22637) | aEkszerek.hu",Arany 14K,rugós kapocs,,,2.06 gramm,"0,585",Sárga arany,Válassza ki a méretet,20 mm,"2,2 mm",
87830,https://www.aekszerek.hu//arany/nyaklancok/medallal/nyaklanc-szemelyre-szabott-medallal-heratis-p144605.html,"Nyaklánc személyre szabott medállal, nőknek (IZ19781) | aEkszerek.hu",Arany 14K,rugós kapocs,Kislány,Női,2.76 gramm,"0,585",Sárga arany,Válassza ki a méretet,"10,5 mm","20,5 mm",
65350,https://www.aekszerek.hu//arany/nyaklancok/noi/csodalatos-arany-nyaklanc-szivvel-love-p136254.html,"Csodálatos arany nyaklánc szívvel LOVE, nőknek (IZ16093) | aEkszerek.hu",Arany 14K,,Szívecskék,Női,2.15 gramm,"0,585",Sárga arany,Válassza ki a méretet,"9,8 mm","8,9 mm",
44470,https://www.aekszerek.hu//arany/nyaklancok/medallal/arany-nyaklanc-e-betuvel-p154094.html,"Arany nyaklánc E betűvel, nőknek (IZ23217E) | aEkszerek.hu",Arany 14K,,betű,Női,1.55 gramm,"0,585",Sárga arany,Válassza ki a méretet,8.6 mm,10.6 mm,
83670,https://www.aekszerek.hu//arany/nyaklancok/noi/arany-noi-sziv-nyaklanc-p156998.html,"Arany női szív nyaklánc, nőknek (IZ24937N) | aEkszerek.hu",Arany 14K,rugós kapocs,Szívecskék,Női,2.83 gramm,"0,585",Sárga arany,Válassza ki a méretet,6 mm,5 mm,
79990,https://www.aekszerek.hu//arany/nyaklancok/noi/noi-arany-nyaklanc-diszekkel-p157081.html,"Női arany nyaklánc díszekkel, nőknek (IZ16345Z) | aEkszerek.hu",Arany 14K,rugós kapocs,Szívecskék,Női,2.57 gramm,"0,585",Sárga arany,,10 mm ,,
51440,https://www.aekszerek.hu//arany/nyaklancok/noi/hit-arany-lanc-p121878.html,"Hit arany lánc, nőknek (IZ11218) | aEkszerek.hu",Arany 14K,rugós kapocs,Keresztek,Női,1.91 gramm,,Sárga arany,Válassza ki a méretet,"6,5 mm",13 mm,
84550,https://www.aekszerek.hu//arany/nyaklancok/noi/arany-nyaklan-kor-lemezekkel-es-golyocskakkal-p156825.html,"Arany nyaklán kör lemezekkel és golyócskákkal, nőknek (IZ24694) | aEkszerek.hu",Arany 14K,rugós kapocs,Gyolyócskák,Női,2.79 gramm,"0,585",Sárga arany,Válassza ki a méretet,4 mm,,
80020,https://www.aekszerek.hu//arany/nyaklancok/noi/noi-arany-nyaklanc-diszekkel-cleo-p156680.html,"Női arany nyaklánc díszekkel Cleo, nőknek (IZ24615) | aEkszerek.hu",Arany 14K,rugós kapocs,,Női,2.89 gramm,"0,585",Sárga arany,Válassza ki a méretet,,,
61120,https://www.aekszerek.hu//arany/nyaklancok/noi/arany-nyaklanc-cirkoniakkal-p141019.html,"Arany nyaklánc cirkonokkal, nőknek (IZ17582) | aEkszerek.hu",Arany 14K,rugós kapocs,,Női,2.17 gramm,"0,585",Sárga arany,,12 mm,14 mm,Cirkon
77620,https://www.aekszerek.hu//arany/nyaklancok/noi/heratis-nyaklanc-p143258.html," nyaklánc Wire Art kollekció, nőknek (IZ18488) | aEkszerek.hu",Arany 14K,rugós kapocs,Szívecskék,Női,2.67 gramm,"0,585",Kombinált arany,,20 mm,,
62840,https://www.aekszerek.hu//arany/nyaklancok/noi/arany-noi-nyaklanc-karma-p154757.html,"Arany női nyaklánc Karma, nőknek (IZ23390) | aEkszerek.hu",Arany 14K,rugós kapocs,Kör,Női,2.18 gramm,"0,585",Sárga arany,Válassza ki a méretet,16 mm,29 mm,
71230,https://www.aekszerek.hu//arany/nyaklancok/noi/arany-nyaklanc-szivekkel-es-gravirozott-golyokkal-p156823.html,"Arany nyaklánc szívekkel és gravírozott golyókkal, nőknek (IZ24690) | aEkszerek.hu",Arany 14K,rugós kapocs,Szívecskék,Női,2.90 gramm,"0,585",Sárga arany,Válassza ki a méretet,4 mm,5 mm,
64470,https://www.aekszerek.hu//arany/nyaklancok/noi/noi-arany-nyaklanc-a-vilag-egy-szivben-p156817.html,"Női arany nyaklánc A világ egy szívben, nőknek (IZ24652) | aEkszerek.hu",Arany 14K,rugós kapocs,Szívecskék,Női,2.61 gramm,"0,585",Sárga arany,,25 mm,m 27 mm,
64860,https://www.aekszerek.hu//arany/nyaklancok/noi/heratis-nyaklanc-p143275.html," nyaklánc Wire Art kollekció, nőknek (IZ18489) | aEkszerek.hu",Arany 14K,rugós kapocs,Szívecskék,Női,2.74 gramm,"0,585",Sárga arany,,25 mm,10 mm,
40160,https://www.aekszerek.hu//arany/nyaklancok/medallal/arany-nyaklanc-o-betuvel-p154099.html,"Arany nyaklánc O betűvel, nőknek (IZ23217O) | aEkszerek.hu",Arany 14K,,betű,Női,1.62 gramm,"0,585",Sárga arany,Válassza ki a méretet,"10,6 mm","10,6 mm",
104990,https://www.aekszerek.hu//arany/nyaklancok/noi/heratis-nyaklanc-uzenettel-p144395.html," nyaklánc üzenettel, nőknek (IZ19589) | aEkszerek.hu",,karabíner,Szívecskék,Női,3.92 gramm,"0,585",Sárga arany,Válassza ki a méretet,"17,1 mm","18,3 mm",
70550,https://www.aekszerek.hu//arany/nyaklancok/noi/kombinalt-arany-nyaklanc-disszel-p157001.html,"Kombinált arany nyaklánc dísszel, nőknek (IZ24943) | aEkszerek.hu",Arany 14K,rugós kapocs,,Női,2.71 gramm,"0,585",Kombinált arany,Válassza ki a méretet,35 mm,2 mm,
75800,https://www.aekszerek.hu//arany/nyaklancok/noi/arany-nyaklanc-a-betuvel-p148221.html,"Arany nyaklánc A betűvel, nőknek (IZ20892A) | aEkszerek.hu",Arany 14K,rugós kapocs,betű,Női,2.96 gramm,"0,585",Sárga arany,Válassza ki a méretet,"16,5 mm",,
90430,https://www.aekszerek.hu//arany/nyaklancok/medallal/arany-opal-nyaklanc-cirkoniaval-p121966.html,"Arany opál nyaklánc cirkonokkal, nőknek (IZ11260) | aEkszerek.hu",Arany 14K,karabíner,,Női,3.53 gramm,"0,585",,Válassza ki a méretet,8 mm,23 mm,"Mesterséges opál, Cirkon"
52910,https://www.aekszerek.hu//arany/nyaklancok/noi/noi-arany-nyaklanc-cirkoniakkal-karen-p156605.html,"Női arany nyaklánc cirkóniákkal Karen, nőknek (IZ24629N) | aEkszerek.hu",Arany 14K,rugós kapocs,,Női,2.33 gramm,,Sárga arany,Válassza ki a méretet,26 mm,2.6 mm,Cirkon
67980,https://www.aekszerek.hu//arany/nyaklancok/noi/heratis-nyaklanc-p143272.html," nyaklánc szívvel Wire Art kollekció, nőknek (IZ18480) | aEkszerek.hu",Arany 14K,rugós kapocs,Szívecskék,Női,,"0,585",Sárga arany,,25 mm,25 mm,
118790,https://www.aekszerek.hu//arany/nyaklancok/noi/heratis-nyaklanc-p143259.html," nyaklánc, nőknek (IZ18492) | aEkszerek.hu",Arany 14K,rugós kapocs,,Női,4.22 gramm,"0,585",Sárga arany,,"29,5 mm",39 mm,
59870,https://www.aekszerek.hu//arany/nyaklancok/noi/arany-nyaklanc-fekete-kovekkel-es-szivvel-p141120.html,"Arany nyaklánc fekete kövekkel és szívvel, nőknek (IZ17488) | aEkszerek.hu",Arany 14K,rugós kapocs,Szívecskék,Női,2.72 gramm,"0,585",Sárga arany,,10 mm,9 mm,Vörösvasérc
60510,https://www.aekszerek.hu//arany/nyaklancok/noi/haromszinu-arany-nyaklanc-szivecskekkel-p156943.html,"Háromszínű arany nyaklánc szívecskékkel, nőknek (IZ24965) | aEkszerek.hu",Arany 14K,rugós kapocs,Szívecskék,Női,2.44 gramm,"0,585",,Válassza ki a méretet,3 - 5 mm,3 - 5 mm,
213420,https://www.aekszerek.hu//arany/nyaklancok/noi/arany-nyaklanc-ewelina-p155871.html,"Arany nyaklánc Ewelina, nőknek (IZ24374) | aEkszerek.hu",Arany 14K,karabíner,,Női,8.24 gramm,"0,585",Sárga arany,Válassza ki a méretet,80 mm,10.5 - 20 cm,
67010,https://www.aekszerek.hu//arany/nyaklancok/noi/noi-arany-nyaklanc-szivekkel-p156848.html,"Női arany nyaklánc szívekkel, nőknek (IZ24697) | aEkszerek.hu",Arany 14K,rugós kapocs,Szívecskék,Női,2.72 gramm,"0,585",Sárga arany,Válassza ki a méretet,,7 mm,
69150,https://www.aekszerek.hu//arany/nyaklancok/noi/noi-arany-nyaklanc-fold-p156777.html,"Női arany nyaklánc Föld, nőknek (IZ24647) | aEkszerek.hu",Arany 14K,rugós kapocs,csillagjegy ,Női,2.81 gramm,"0,585",Sárga arany,Válassza ki a méretet,,,
47900,https://www.aekszerek.hu//arany/nyaklancok/noi/heratis-nyaklanc-p143255.html," nyaklánc, nőknek (IZ18475) | aEkszerek.hu",Arany 14K,rugós kapocs,,Női,1.89 gramm,"0,585",Sárga arany,,"3,1 mm",22 mm,
59870,https://www.aekszerek.hu//arany/nyaklancok/noi/arany-nyaklanc-fekete-hematittal-es-merleglemez-p141066.html,"Arany nyaklánc fekete hematittal és mérleglemez, nőknek (IZ17493) | aEkszerek.hu",Arany 14K,rugós kapocs,Kör,Női,2.73 gramm,"0,585",Sárga arany,,"9,8 mm",,Vörösvasérc
64600,https://www.aekszerek.hu//arany/nyaklancok/noi/arany-nyaklanc-p-betuvel-p148165.html,"Arany nyaklánc P betűvel, nőknek (IZ20892P) | aEkszerek.hu",Arany 14K,rugós kapocs,betű,Női,2.71 gramm,"0,585",,Válassza ki a méretet,"16,5 mm",,
68450,https://www.aekszerek.hu//arany/nyaklancok/noi/heratis-nyaklanc-p143260.html," nyaklánc, nőknek (IZ18493) | aEkszerek.hu",Arany 14K,rugós kapocs,,Női,3.07 gramm,"0,585",Sárga arany,,,,Vörösvasérc
68890,https://www.aekszerek.hu//arany/nyaklancok/noi/heratis-nyaklanc-p143274.html," nyaklánc Wire Art kollekció, nőknek (IZ18486) | aEkszerek.hu",Arany 14K,rugós kapocs,Szívecskék,Női,2.72 gramm,"0,585",Sárga arany,,25 mm,,
55760,https://www.aekszerek.hu//arany/nyaklancok/noi/arany-nyaklanc-kereszt-p141350.html,"Arany nyaklánc Kereszt, nőknek (IZ17738) | aEkszerek.hu",Arany 14K,rugós kapocs,3D,Női,2.33 gramm,"0,585",Sárga arany,,10 mm,14 mm,
54660,https://www.aekszerek.hu//arany/nyaklancok/noi/arany-es-nyaklanc-lemezek-p130982.html,"Arany nyaklánc lemezekkel, nőknek (IZ14284R) | aEkszerek.hu",,rugós kapocs,,Női,2.30 gramm,"0,585",Sárga arany,Válassza ki a méretet,"11,9 - 19,8 mm","2,2 mm",
50630,https://www.aekszerek.hu//arany/nyaklancok/noi/nyaklanc-keresztekkel-hit-p144917.html,"Nyaklánc keresztekkel Hit, nőknek (IZ19838NH) | aEkszerek.hu",Arany 14K,rugós kapocs,Keresztek,Női,2.12 gramm,"0,585",,,4 mm,7 mm,
62780,https://www.aekszerek.hu//arany/nyaklancok/medallal/zomancos-arany-nyaklanc-t-betuvel-p148140.html,"Zománcos arany nyaklánc T betűvel, nőknek (IZ20893T) | aEkszerek.hu",Arany 14K,rugós kapocs,betű,Női,2.60 gramm,,Sárga arany,,14 mm,m 23 mm,
55960,https://www.aekszerek.hu//arany/nyaklancok/noi/ketszinu-arany-nyaklanc-szerelmespar-p148257.html,"Kétszínű arany nyaklánc Szerelmespár, nőknek (IZ20890YW) | aEkszerek.hu",Arany 14K,rugós kapocs,Végtelen,Női,2.33 gramm,,Kombinált arany,Válassza ki a méretet,16 mm,"20,7 mm",
62130,https://www.aekszerek.hu//arany/nyaklancok/noi/arany-nyaklanc-gyemant-p154868.html,"Arany nyaklánc Gyémánt, nőknek (IZ23688) | aEkszerek.hu",Arany 14K,karabíner,Gyémánt,Női,2.51 gramm,"0,585",Sárga arany,Válassza ki a méretet,14 mm,10 mm,
74740,https://www.aekszerek.hu//arany/nyaklancok/noi/heratis-nyaklanc-angyalszarny-wire-art-p143651.html," nyaklánc angyalszárny Wire Art kollekció, nőknek (IZ18432) | aEkszerek.hu",Arany 14K,rugós kapocs,Szárnyak,Női,2.94 gramm,"0,585",Sárga arany,,15 mm,35 mm,
88720,https://www.aekszerek.hu//arany/nyaklancok/noi/heratis-nyaklanc-p143291.html," nyaklánc, nőknek (IZ18483) | aEkszerek.hu",Arany 14K,rugós kapocs,,Női,3.60 gramm,"0,585",Sárga arany,,"6,3 mm","24,6 mm",
77090,https://www.aekszerek.hu//arany/nyaklancok/noi/heratis-nyaklanc-p143491.html," nyaklánc, nőknek (IZ18338) | aEkszerek.hu",Arany 14K,rugós kapocs,Keresztek,Női,3.59 gramm,"0,585",Sárga arany,Válassza ki a méretet,"4,9 mm",8 mm,Vörösvasérc
57710,https://www.aekszerek.hu//arany/nyaklancok/noi/arany-nyaklanc-j-betuvel-p148308.html,"Arany nyaklánc J betűvel, nőknek (IZ20892MJ) | aEkszerek.hu",Arany 14K,,betű,Női,2.44 gramm,"0,585",Sárga arany,Válassza ki a méretet,"16,5 mm",,
64600,https://www.aekszerek.hu//arany/nyaklancok/noi/arany-nyaklanc-k-betuvel-p148223.html,"Arany nyaklánc K betűvel, nőknek (IZ20892K) | aEkszerek.hu",Arany 14K,rugós kapocs,betű,Női,2.73 gramm,"0,585",Sárga arany,,"16,5 mm",,
64600,https://www.aekszerek.hu//arany/nyaklancok/noi/arany-nyaklanc-g-betuvel-p148222.html,"Arany nyaklánc G betűvel, nőknek (IZ20892G) | aEkszerek.hu",Arany 14K,rugós kapocs,betű,Női,2.65 gramm,"0,585",Sárga arany,,"16,5 mm",,
63040,https://www.aekszerek.hu//arany/nyaklancok/noi/zomancos-arany-nyaklanc-p-betuvel-p148167.html,"Zománcos arany nyaklánc P betűvel, nőknek (IZ20893P) | aEkszerek.hu",Arany 14K,rugós kapocs,betű,Női,2.63 gramm,,Sárga arany,Válassza ki a méretet,14 mm,23 mm,
65320,https://www.aekszerek.hu//arany/nyaklancok/noi/arany-nyaklanc-z-betuvel-p148227.html,"Arany nyaklánc Z betűvel, nőknek (IZ20892Z) | aEkszerek.hu",Arany 14K,rugós kapocs,betű,Női,2.71 gramm,"0,585",Sárga arany,,"16,5 mm",,
64600,https://www.aekszerek.hu//arany/nyaklancok/noi/arany-nyaklanc-v-betuvel-p148226.html,"Arany nyaklánc V betűvel, nőknek (IZ20892V) | aEkszerek.hu",Arany 14K,rugós kapocs,betű,Női,2.69 gramm,"0,585",Sárga arany,,"16,5 mm",,
95290,https://www.aekszerek.hu//arany/nyaklancok/noi/heratis-hosszu-arany-nyaklanc-feher-es-sarga-kockakkal-p157573.html, hosszú arany nyaklánc fehér és sárga kockákkal (IZ19898RNH) | aEkszerek.hu,Arany 9K,rugós kapocs,Kocka,,3.39 gramm,"0,375",Kombinált arany,,3 mm,,
74160,https://www.aekszerek.hu//arany/nyaklancok/noi/noi-kombinalt-arany-nyaklanc-golyocskakkal-p157050.html,"Női kombinált arany nyaklánc golyócskákkal, nőknek (IZ25017) | aEkszerek.hu",Arany 14K,karabíner,Gyolyócskák,Női,3.06 gramm,"0,585",Kombinált arany,,4 - 6 mm,,
75200,https://www.aekszerek.hu//arany/nyaklancok/noi/arany-nyaklanc-lemezekkel-es-gravirozott-golyocskakkal-p156824.html,"Arany nyaklánc lemezekkel és gravírozott golyócskákkal, nőknek (IZ24693) | aEkszerek.hu",Arany 14K,rugós kapocs,,Női,3.03 gramm,,Sárga arany,Válassza ki a méretet,4 mm,,
70520,https://www.aekszerek.hu//arany/nyaklancok/noi/arany-nyaklanc-lemezekkel-es-szivvel-love-p156678.html,"Arany nyaklánc lemezekkel és szívvel Love, nőknek (IZ24613) | aEkszerek.hu",Arany 14K,rugós kapocs,Szívecskék,Női,2.94 gramm,"0,585",,Válassza ki a méretet,6 mm,20 mm,
66880,https://www.aekszerek.hu//arany/nyaklancok/noi/zomancos-arany-nyaklanc-o-betuvel-p148231.html,"Zománcos arany nyaklánc O betűvel, nőknek (IZ20893O) | aEkszerek.hu",Arany 14K,rugós kapocs,betű,Női,2.83 gramm,,Sárga arany,Válassza ki a méretet,14 mm,23 mm,
63040,https://www.aekszerek.hu//arany/nyaklancok/noi/zomancos-arany-nyaklanc-i-betuvel-p148172.html,"Zománcos arany nyaklánc I betűvel, nőknek (IZ20893II) | aEkszerek.hu",Arany 14K,rugós kapocs,betű,Női,2.68 gramm,,Sárga arany,Válassza ki a méretet,"14,2 mm",23 mm,
64800,https://www.aekszerek.hu//arany/nyaklancok/noi/arany-nyaklanc-i-betuvel-p148164.html,"Arany nyaklánc I betűvel, nőknek (IZ20892I) | aEkszerek.hu",Arany 14K,rugós kapocs,betű,Női,2.67 gramm,"0,585",Sárga arany,Válassza ki a méretet,"16,5 mm",,
67530,https://www.aekszerek.hu//arany/nyaklancok/noi/zomancos-arany-nyaklanc-i-betuvel-p148166.html,"Zománcos arany nyaklánc I betűvel, nőknek (IZ20893I) | aEkszerek.hu",Arany 14K,rugós kapocs,betű,Női,2.78 gramm,,Sárga arany,Válassza ki a méretet,14 mm,23 mm,
80330,https://www.aekszerek.hu//arany/nyaklancok/noi/nyaklanc-tanyerokkal-es-hematit-balance-p143494.html,"Nyaklánc tányérokkal és hematit Balance, nőknek (IZ18344) | aEkszerek.hu",Arany 14K,rugós kapocs,Kör,,3.73 gramm,"0,585",Sárga arany,Válassza ki a méretet,"5,4 mm",,Vörösvasérc
83210,https://www.aekszerek.hu//arany/nyaklancok/gyemant/arany-brilians-nyaklanc-sziv-0-060-ct-p147608.html,"Arany gyémánt nyaklánc Szív 0,060 ct, nőknek (BSBR123) | aEkszerek.hu",Arany 14K,rugós kapocs,Szívecskék,Női,1.34 gramm,"0,585",Sárga arany,Válassza ki a méretet,10 mm,7 mm,"Brilliáns, Gyémánt"
56690,https://www.aekszerek.hu//arany/nyaklancok/medallal/arany-nyaklanc-foldgomb-p153422.html,"Arany nyaklánc Földgömb, nőknek (IZ20626NHHR) | aEkszerek.hu",Arany 9K,rugós kapocs,,,1.94 gramm,"0,375",Sárga arany,,14 mm,,
52790,https://www.aekszerek.hu//arany/karkotok/ferfi/arany-nyaklanc-v-i-p-gyerek-labnyom-p153082.html,"Arany nyaklánc V.I.P. Gyerek lábnyom, nőknek (IZ8182MHR) | aEkszerek.hu",,rugós kapocs,Lábacskák,Női,1.80 gramm,"0,375",Sárga arany,,,10mm,
75890,https://www.aekszerek.hu//arany/nyaklancok/noi/arany-nyaklanc-baba-labnyommal-it-s-a-girl-p151118.html,"Arany nyaklánc baba lábnyommal It´s a girl, nőknek (IZ21798B) | aEkszerek.hu",Arany 14K,,Lábacskák,Női,1.87 gramm,"0,585",Sárga arany,Válassza ki a méretet,10 mm,,
88690,https://www.aekszerek.hu//arany/nyaklancok/noi/arany-nyaklanc-baba-labnyommal-it-s-a-boy-p151117.html,"Arany nyaklánc baba lábnyommal It´s a boy, nőknek (IZ21798) | aEkszerek.hu",Arany 14K,,,Női,2.21 gramm,"0,585",Sárga arany,Válassza ki a méretet,,,
88290,https://www.aekszerek.hu//arany/nyaklancok/noi/arany-nyaklanc-foldgomb-p151119.html,"Arany nyaklánc Földgömb, nőknek (IZ20626NH) | aEkszerek.hu",Arany 14K,,,Női,2.20 gramm,"0,585",Sárga arany,Válassza ki a méretet,14 mm,,
70880,https://www.aekszerek.hu//arany/nyaklancok/noi/nyaklanc-sziv-dobogas-heratis-p145517.html,"IZlato szívverés nyaklánc, nőknek (IZ20068) | aEkszerek.hu",Arany 14K,rugós kapocs,Szív pulzus,Női,2.07 gramm,"0,585",Sárga arany,Válassza ki a méretet,20 mm,10 mm,
94690,https://www.aekszerek.hu//arany/nyaklancok/noi/arany-nyaklanc-v-i-p-gyerek-labnyom-p110441.html,"Arany nyaklánc V.I.P. Gyerek lábnyom, nőknek (IZ8182) | aEkszerek.hu",Arany 14K,rugós kapocs,Lábacskák,Női,2.37 gramm,"0,585",Sárga arany,Válassza ki a méretet,,,
263150,https://www.aekszerek.hu//arany/gyemant/nyaklancok/brilians-nyaklanc-rubinnal-rose-kollekcio-0-230-ct-p154432.html,"Briliáns nyaklánc rubinnal Rose kollekció 0,230 ct, nőknek (IZBR839RHR) | aEkszerek.hu",Arany 9K,karabíner,,Női,3.36 gramm,"0,375",Sárga arany,Válassza ki a méretet,35 mm,22 mm,"Brilliáns, Gyémánt, Rubin"
112990,https://www.aekszerek.hu//arany/gyemant/nyaklancok/feherarany-brilians-nyaklanc-szivek-0-050-ct-p151679.html,"Fehérarany briliáns nyaklánc Szívek 0,050 ct, nőknek (IZBR002AM) | aEkszerek.hu",Arany 14K,rugós kapocs,Szívecskék,Női,1.01 gramm,"0,585",Fehér arany,Válassza ki a méretet,13 mm,8 mm,"Brilliáns, Gyémánt"
124390,https://www.aekszerek.hu//arany/gyemant/nyaklancok/gyemant-nyaklanc-rozsaaranybol-merleg-0-090-ct-p149236.html,"Gyémánt nyaklánc rózsaaranyból Mérleg 0,090 ct, nőknek (IZBR526R) | aEkszerek.hu",Arany 14K,rugós kapocs,Kör,Női,1.04 gramm,"0,585",Rózsaszín arany,,,,"Brilliáns, Gyémánt"
124390,https://www.aekszerek.hu//arany/gyemant/nyaklancok/feherarany-nyaklanc-briliansokkal-0-090-ct-infinity-p149239.html,"Fehérarany nyaklánc briliánsokkal 0,090 ct Infinity, nőknek (IZBR273AM) | aEkszerek.hu",Arany 14K,rugós kapocs,Végtelen,Női,0.85 gramm,"0,585",Fehér arany,,"16,5 mm","4,5 mm","Brilliáns, Gyémánt"
222690,https://www.aekszerek.hu//arany/gyemant/nyaklancok/feherarany-brilians-nyaklanc-0-100-ct-dancing-diamonds-p149227.html,"Fehérarany briliáns nyaklánc 0,100 ct Dancing Diamonds, nőknek (IZBR882A) | aEkszerek.hu",Arany 14K,rugós kapocs,,Női,1.18 gramm,"0,585",Fehér arany,,"8,5 mm","11,5 mm","Brilliáns, Gyémánt"
82790,https://www.aekszerek.hu//arany/gyemant/nyaklancok/brilians-nyaklanc-rose-aranybol-0-010-ct-haromszog-p149235.html,"Briliáns nyaklánc rosé aranyból 0,010 ct Háromszög, nőknek (IZBR527R) | aEkszerek.hu",Arany 14K,rugós kapocs,Háromszög,Női,0.90 gramm,"0,585",Rózsaszín arany,,"10,5 mm","7,5 mm",
128170,https://www.aekszerek.hu//arany/gyemant/nyaklancok/brilians-nyaklanc-rose-aranybol-0-050-ct-szivek-p149242.html,"Briliáns nyaklánc rosé aranyból 0,050 ct Szívek, nőknek (IZBR002R) | aEkszerek.hu",Arany 14K,rugós kapocs,Szívecskék,Női,1.84 gramm,"0,585",Rózsaszín arany,Válassza ki a méretet,"14,5 mm",8 mm,"Brilliáns, Gyémánt"
115340,https://www.aekszerek.hu//arany/gyemant/nyaklancok/ragyogo-nyaklanc-feher-aranybol-karma-0-080-ct-p149197.html,"Ragyogó nyaklánc fehér aranyból Karma 0.080 ct, nőknek (IZBR178AM) | aEkszerek.hu",Arany 14K,,Kör,Női,1.23 gramm,"0,585",Fehér arany,,"17,5 mm",10 mm,"Brilliáns, Gyémánt"
173490,https://www.aekszerek.hu//arany/gyemant/nyaklancok/feher-arany-brilians-nyaklanc-0-040-ct-p149210.html,"Fehér arany briliáns nyaklánc 0,040 ct, nőknek (IZBR838A) | aEkszerek.hu",Arany 14K,rugós kapocs,,Női,2.14 gramm,"0,585",Fehér arany,Válassza ki a méretet,"45,5 mm",25 mm,"Brilliáns, Gyémánt"
173490,https://www.aekszerek.hu//arany/gyemant/nyaklancok/rose-arany-brilians-nyaklanc-0-040-ct-p149211.html,"Rosé arany briliáns nyaklánc 0,040 ct, nőknek (IZBR838R) | aEkszerek.hu",Arany 14K,rugós kapocs,,Női,2.11 gramm,"0,585",Rózsaszín arany,Válassza ki a méretet,"44,5 mm",25 mm,"Brilliáns, Gyémánt"
139490,https://www.aekszerek.hu//arany/nyaklancok/noi/citrin-topaz-es-ametiszt-kovel-diszitett-nyaklanc-heratis-p144541.html,"Citrin, topáz és ametiszt kővel díszített nyaklánc, nőknek (IZBR752ANH) | aEkszerek.hu",Arany 14K,rugós kapocs,,Női,1.39 gramm,"0,585",Fehér arany,,,,"Ametiszt, Citrin, Topáz"
109290,https://www.aekszerek.hu//arany/gyemant/nyaklancok/arany-es-nyaklanc-gyemant-0-020-ct-alania-p126429.html,"Arany nyaklánc 0,020 ct gyémántokkal, Alania, nőknek (IZBR419R) | aEkszerek.hu",Arany 14K,rugós kapocs,,Női,1.28 gramm,"0,585",Sárga arany,Válassza ki a méretet,"6,10 mm",15 mm,"Brilliáns, Gyémánt"
181090,https://www.aekszerek.hu//arany/gyemant/nyaklancok/arany-nyaklanc-faith-gyemantokkal-p115963.html,"Arany nyaklánc Faith gyémántokkal, nőknek (IZBR006A) | aEkszerek.hu",Arany 14K,rugós kapocs,Keresztek,Női,1.30 gramm,"0,585",Fehér arany,Válassza ki a méretet,"6,5 mm",,"Brilliáns, Gyémánt"
181090,https://www.aekszerek.hu//arany/gyemant/nyaklancok/nyaklanc-gyemant-es-zafir-p115965.html,"Nyaklánc briliánsokkal és zafírral, nőknek (IZBR004A) | aEkszerek.hu",Arany 14K,rugós kapocs,,Női,1.64 gramm,"0,585",Fehér arany,Válassza ki a méretet,"4,8 mm",,"Brilliáns, Gyémánt, Zafír"
